tm232	mutant
tm233	mutant
tm234	mutant
tm235	mutant
tm236	mutant
tm237	mutant
tm238	mutant
tm239	mutant
tm240	mutant
tm241	mutant
tm242	mutant
tm243	mutant
tm244	mutant
tm245	mutant
tm246	mutant
tm248	mutant
tm249	mutant
tm250	mutant
tm251	mutant
tm252	mutant
tm253	mutant
tm254	mutant
tm256	mutant
tm257	mutant
tm258	mutant
tm259	mutant
tm260	mutant
tm261	mutant
tm262	mutant
tm263	mutant
tm264	mutant
tm265	mutant
tm266	mutant
tm267	mutant
tm268	mutant
tm269	mutant
tm270	mutant
tm271	mutant
tm272	mutant
tm273	mutant
tm275	mutant
tm276	mutant
tm277	mutant
tm278	mutant
tm279	mutant
tm280	mutant
tm281	mutant
tm282	mutant
tm284	mutant
tm287	mutant
tm288	mutant
tm289	mutant
tm290	mutant
tm291	mutant
tm292	mutant
tm293	mutant
tm294	mutant
tm295	mutant
tm296	mutant
tm297	mutant
tm299	mutant
tm300	mutant
tm301	mutant
tm302	mutant
tm303	mutant
tm304	mutant
tm305	mutant
tm306	mutant
tm307	mutant
tm308	mutant
tm309	mutant
tm310	mutant
tm311	mutant
tm312	mutant
tm313	mutant
tm314	mutant
tm315	mutant
tm316	mutant
tm317	mutant
tm318	mutant
tm319	mutant
tm320	mutant
tm321	mutant
tm322	mutant
tm323	mutant
tm324	mutant
tm325	mutant
tm326	mutant
tm327	mutant
tm328	mutant
tm329	mutant
tm330	mutant
tm331	mutant
tm332	mutant
tm333	mutant
tm334	mutant
tm335	mutant
tm336	mutant
tm337	mutant
tm338	mutant
tm339	mutant
tm340	mutant
tm341	mutant
tm342	mutant
tm343	mutant
tm344	mutant
tm345	mutant
tm348	mutant
tm349	mutant
tm350	mutant
tm351	mutant
tm352	mutant
tm353	mutant
tm354	mutant
tm355	mutant
tm356	mutant
tm357	mutant
tm358	mutant
tm359	mutant
tm360	mutant
tm361	mutant
tm362	mutant
tm363	mutant
tm364	mutant
tm365	mutant
tm366	mutant
tm367	mutant
tm369	mutant
tm370	mutant
tm371	mutant
tm372	mutant
tm373	mutant
tm374	mutant
tm375	mutant
tm376	mutant
tm377	mutant
tm378	mutant
tm379	mutant
tm380	mutant
tm381	mutant
tm382	mutant
tm383	mutant
tm385	mutant
tm387	mutant
tm388	mutant
tm389	mutant
tm390	mutant
tm391	mutant
tm392	mutant
tm393	mutant
tm394	mutant
tm395	mutant
tm396	mutant
tm397	mutant
tm398	mutant
tm399	mutant
tm400	mutant
tm401	mutant
tm402	mutant
tm403	mutant
tm404	mutant
tm405	mutant
tm406	mutant
tm407	mutant
tm408	mutant
tm409	mutant
tm410	mutant
tm411	mutant
tm412	mutant
tm413	mutant
tm414	mutant
tm415	mutant
tm417	mutant
tm418	mutant
tm419	mutant
tm420	mutant
tm421	mutant
tm422	mutant
tm423	mutant
tm424	mutant
tm425	mutant
tm426	mutant
tm427	mutant
tm428	mutant
tm429	mutant
tm430	mutant
tm431	mutant
tm432	mutant
tm433	mutant
tm434	mutant
tm435	mutant
tm436	mutant
tm437	mutant
tm438	mutant
tm439	mutant
tm440	mutant
tm442	mutant
tm444	mutant
tm445	mutant
tm446	mutant
tm447	mutant
tm448	mutant
tm449	mutant
tm450	mutant
tm451	mutant
tm452	mutant
tm453	mutant
tm454	mutant
tm455	mutant
tm456	mutant
tm457	mutant
tm458	mutant
tm460	mutant
tm461	mutant
tm462	mutant
tm463	mutant
tm464	mutant
tm465	mutant
tm466	mutant
tm467	mutant
tm469	mutant
tm470	mutant
tm471	mutant
tm472	mutant
tm473	mutant
tm474	mutant
tm475	mutant
tm477	mutant
tm478	mutant
tm479	mutant
tm480	mutant
tm481	mutant
tm482	mutant
tm483	mutant
tm485	mutant
tm486	mutant
tm487	mutant
tm488	mutant
tm489	mutant
tm490	mutant
tm491	mutant
tm492	mutant
tm494	mutant
tm495	mutant
tm496	mutant
tm497	mutant
tm498	mutant
tm499	mutant
tm501	mutant
tm502	mutant
tm503	mutant
tm504	mutant
tm505	mutant
tm506	mutant
tm507	mutant
tm508	mutant
tm509	mutant
tm510	mutant
tm511	mutant
tm512	mutant
tm513	mutant
tm514	mutant
tm515	mutant
tm516	mutant
tm519	mutant
tm520	mutant
tm521	mutant
tm522	mutant
tm524	mutant
tm525	mutant
tm526	mutant
tm528	mutant
tm529	mutant
tm530	mutant
tm531	mutant
tm532	mutant
tm533	mutant
tm534	mutant
tm535	mutant
tm536	mutant
tm537	mutant
tm538	mutant
tm539	mutant
tm540	mutant
tm541	mutant
tm542	mutant
tm543	mutant
tm544	mutant
tm545	mutant
tm546	mutant
tm547	mutant
tm548	mutant
tm549	mutant
tm550	mutant
tm551	mutant
tm552	mutant
tm553	mutant
tm554	mutant
tm555	mutant
tm556	mutant
tm557	mutant
tm558	mutant
tm559	mutant
tm560	mutant
tm561	mutant
tm562	mutant
tm563	mutant
tm565	mutant
tm566	mutant
tm567	mutant
tm568	mutant
tm569	mutant
tm570	mutant
tm572	mutant
tm573	mutant
tm574	mutant
tm575	mutant
tm576	mutant
tm577	mutant
tm578	mutant
tm579	mutant
tm580	mutant
tm581	mutant
tm582	mutant
tm584	mutant
tm586	mutant
tm587	mutant
tm588	mutant
tm589	mutant
tm590	mutant
tm592	mutant
tm594	mutant
tm595	mutant
tm596	mutant
tm597	mutant
tm598	mutant
tm599	mutant
tm600	mutant
tm601	mutant
tm602	mutant
tm603	mutant
tm604	mutant
tm605	mutant
tm607	mutant
tm608	mutant
tm609	mutant
tm610	mutant
tm611	mutant
tm612	mutant
tm613	mutant
tm614	mutant
tm615	mutant
tm616	mutant
tm617	mutant
tm618	mutant
tm619	mutant
tm620	mutant
tm621	mutant
tm622	mutant
tm623	mutant
tm624	mutant
tm625	mutant
tm626	mutant
tm627	mutant
tm628	mutant
tm629	mutant
tm631	mutant
tm632	mutant
tm633	mutant
tm634	mutant
tm635	mutant
tm636	mutant
tm637	mutant
tm638	mutant
tm639	mutant
tm640	mutant
tm641	mutant
tm642	mutant
tm644	mutant
tm645	mutant
tm646	mutant
tm647	mutant
tm648	mutant
tm649	mutant
tm650	mutant
tm651	mutant
tm652	mutant
tm653	mutant
tm654	mutant
tm655	mutant
tm656	mutant
tm657	mutant
tm658	mutant
tm659	mutant
tm660	mutant
tm661	mutant
tm662	mutant
tm663	mutant
tm664	mutant
tm665	mutant
tm666	mutant
tm667	mutant
tm668	mutant
tm669	mutant
tm670	mutant
tm671	mutant
tm672	mutant
tm673	mutant
tm674	mutant
tm675	mutant
tm676	mutant
tm677	mutant
tm678	mutant
tm680	mutant
tm681	mutant
tm683	mutant
tm684	mutant
tm685	mutant
tm686	mutant
tm687	mutant
tm688	mutant
tm689	mutant
tm690	mutant
tm691	mutant
tm692	mutant
tm693	mutant
tm694	mutant
tm695	mutant
tm696	mutant
tm697	mutant
tm698	mutant
tm699	mutant
tm700	mutant
tm701	mutant
tm702	mutant
tm703	mutant
tm704	mutant
tm705	mutant
tm706	mutant
tm707	mutant
tm708	mutant
tm709	mutant
tm710	mutant
tm711	mutant
tm712	mutant
tm713	mutant
tm714	mutant
tm716	mutant
tm717	mutant
tm718	mutant
tm719	mutant
tm720	mutant
tm721	mutant
tm722	mutant
tm723	mutant
tm724	mutant
tm725	mutant
tm726	mutant
tm727	mutant
tm728	mutant
tm729	mutant
tm731	mutant
tm733	mutant
tm734	mutant
tm736	mutant
tm737	mutant
tm738	mutant
tm739	mutant
tm740	mutant
tm741	mutant
tm742	mutant
tm743	mutant
tm744	mutant
tm745	mutant
tm746	mutant
tm747	mutant
tm748	mutant
tm749	mutant
tm750	mutant
tm751	mutant
tm752	mutant
tm753	mutant
tm754	mutant
tm755	mutant
tm756	mutant
tm757	mutant
tm758	mutant
tm759	mutant
tm760	mutant
tm761	mutant
tm762	mutant
tm763	mutant
tm764	mutant
tm765	mutant
tm766	mutant
tm767	mutant
tm768	mutant
tm769	mutant
tm770	mutant
tm771	mutant
tm772	mutant
tm773	mutant
tm774	mutant
tm775	mutant
tm776	mutant
tm777	mutant
tm778	mutant
tm779	mutant
tm780	mutant
tm781	mutant
tm782	mutant
tm783	mutant
tm784	mutant
tm786	mutant
tm787	mutant
tm788	mutant
tm789	mutant
tm790	mutant
tm791	mutant
tm792	mutant
tm793	mutant
tm794	mutant
tm795	mutant
tm796	mutant
tm797	mutant
tm798	mutant
tm799	mutant
tm800	mutant
tm801	mutant
tm802	mutant
tm803	mutant
tm805	mutant
tm807	mutant
tm808	mutant
tm809	mutant
tm810	mutant
tm811	mutant
tm812	mutant
tm813	mutant
tm814	mutant
tm815	mutant
tm816	mutant
tm817	mutant
tm818	mutant
tm819	mutant
tm820	mutant
tm821	mutant
tm822	mutant
tm823	mutant
tm824	mutant
tm825	mutant
tm826	mutant
tm827	mutant
tm828	mutant
tm804	mutant
tm829	mutant
tm830	mutant
tm831	mutant
tm832	mutant
tm834	mutant
tm835	mutant
tm836	mutant
tm837	mutant
tm838	mutant
tm839	mutant
tm840	mutant
tm841	mutant
tm842	mutant
tm843	mutant
tm844	mutant
tm845	mutant
tm846	mutant
tm847	mutant
tm848	mutant
tm849	mutant
tm850	mutant
tm851	mutant
tm852	mutant
tm853	mutant
tm854	mutant
tm856	mutant
tm857	mutant
tm858	mutant
tm860	mutant
tm861	mutant
tm862	mutant
tm863	mutant
tm864	mutant
tm865	mutant
tm866	mutant
tm867	mutant
tm868	mutant
tm869	mutant
tm870	mutant
tm871	mutant
tm872	mutant
tm874	mutant
tm875	mutant
tm876	mutant
tm877	mutant
tm878	mutant
tm880	mutant
tm881	mutant
tm882	mutant
tm883	mutant
tm884	mutant
tm885	mutant
tm886	mutant
tm887	mutant
tm888	mutant
tm889	mutant
tm890	mutant
tm891	mutant
tm892	mutant
tm893	mutant
tm894	mutant
tm895	mutant
tm896	mutant
tm897	mutant
tm898	mutant
tm899	mutant
tm900	mutant
tm901	mutant
tm902	mutant
tm903	mutant
tm904	mutant
tm905	mutant
tm906	mutant
tm907	mutant
tm908	mutant
tm909	mutant
tm910	mutant
tm911	mutant
tm912	mutant
tm913	mutant
tm915	mutant
tm916	mutant
tm917	mutant
tm918	mutant
tm919	mutant
tm920	mutant
tm921	mutant
tm922	mutant
tm923	mutant
tm924	mutant
tm925	mutant
tm926	mutant
tm927	mutant
tm928	mutant
tm929	mutant
tm930	mutant
tm931	mutant
tm933	mutant
tm934	mutant
tm935	mutant
tm936	mutant
tm937	mutant
tm938	mutant
tm939	mutant
tm932	mutant
tm940	mutant
tm941	mutant
tm942	mutant
tm943	mutant
tm944	mutant
tm945	mutant
tm946	mutant
tm947	mutant
tm948	mutant
tm949	mutant
tm950	mutant
tm951	mutant
tm952	mutant
tm953	mutant
tm954	mutant
tm955	mutant
tm956	mutant
tm957	mutant
tm958	mutant
tm959	mutant
tm960	mutant
tm961	mutant
tm962	mutant
tm963	mutant
tm964	mutant
tm965	mutant
tm966	mutant
tm967	mutant
tm968	mutant
tm969	mutant
tm970	mutant
tm971	mutant
tm972	mutant
tm973	mutant
tm974	mutant
tm975	mutant
tm976	mutant
tm977	mutant
tm978	mutant
tm980	mutant
tm981	mutant
tm983	mutant
tm984	mutant
tm985	mutant
tm988	mutant
tm989	mutant
tm991	mutant
tm992	mutant
tm993	mutant
tm994	mutant
tm995	mutant
tm996	mutant
tm997	mutant
tm998	mutant
tm999	mutant
tm1000	mutant
tm1001	mutant
tm1002	mutant
tm1003	mutant
tm1004	mutant
tm1005	mutant
tm1006	mutant
tm1007	mutant
tm1008	mutant
tm1009	mutant
tm1010	mutant
tm1011	mutant
tm1012	mutant
tm1013	mutant
tm1014	mutant
tm1015	mutant
tm1016	mutant
tm1017	mutant
tm1018	mutant
tm1019	mutant
tm1020	mutant
tm1021	mutant
tm1022	mutant
tm1023	mutant
tm1024	mutant
tm1025	mutant
tm1026	mutant
tm1027	mutant
tm1028	mutant
tm1029	mutant
tm1030	mutant
tm1031	mutant
tm1032	mutant
tm1033	mutant
tm1034	mutant
tm1035	mutant
tm1036	mutant
tm1037	mutant
tm1038	mutant
tm1040	mutant
tm1041	mutant
tm1042	mutant
tm1043	mutant
tm1045	mutant
tm1044	mutant
tm1046	mutant
tm1047	mutant
tm1048	mutant
tm1049	mutant
tm1050	mutant
tm1051	mutant
tm1052	mutant
tm1053	mutant
tm1054	mutant
tm1055	mutant
tm1056	mutant
tm1057	mutant
tm1058	mutant
tm1059	mutant
tm1060	mutant
tm1061	mutant
tm1062	mutant
tm1063	mutant
tm1065	mutant
tm1066	mutant
tm1067	mutant
tm1068	mutant
tm1069	mutant
tm1070	mutant
tm1071	mutant
tm1072	mutant
tm1073	mutant
tm1075	mutant
tm1076	mutant
tm1077	mutant
tm1078	mutant
tm1079	mutant
tm1080	mutant
tm1081	mutant
tm1082	mutant
tm1083	mutant
tm1084	mutant
tm1085	mutant
tm1086	mutant
tm1087	mutant
tm1088	mutant
tm1089	mutant
tm1090	mutant
tm1091	mutant
tm1092	mutant
tm1093	mutant
tm1094	mutant
tm1095	mutant
tm1096	mutant
tm1097	mutant
tm1098	mutant
tm1099	mutant
tm1100	mutant
tm1101	mutant
tm1102	mutant
tm1103	mutant
tm1104	mutant
tm1105	mutant
tm1107	mutant
tm1108	mutant
tm1109	mutant
tm1110	mutant
tm1111	mutant
tm1112	mutant
tm1113	mutant
tm1114	mutant
tm1116	mutant
tm1117	mutant
tm1118	mutant
tm1119	mutant
tm1120	mutant
tm1121	mutant
tm1122	mutant
tm1123	mutant
tm1124	mutant
tm1125	mutant
tm1126	mutant
tm1127	mutant
tm1128	mutant
tm1129	mutant
tm1130	mutant
tm1131	mutant
tm1132	mutant
tm1133	mutant
tm1134	mutant
tm1135	mutant
tm1136	mutant
tm1137	mutant
tm1138	mutant
tm1139	mutant
tm1140	mutant
tm1141	mutant
tm1142	mutant
tm1143	mutant
tm1144	mutant
tm1145	mutant
tm1146	mutant
tm1147	mutant
tm1148	mutant
tm1149	mutant
tm1150	mutant
tm1151	mutant
tm1152	mutant
tm1153	mutant
tm1154	mutant
tm1155	mutant
tm1156	mutant
tm1157	mutant
tm1158	mutant
tm1159	mutant
tm1160	mutant
tm1161	mutant
tm1163	mutant
tm1164	mutant
tm1165	mutant
tm1166	mutant
tm1167	mutant
tm1168	mutant
tm1169	mutant
tm1170	mutant
tm1171	mutant
tm1172	mutant
tm1173	mutant
tm1174	mutant
tm1175	mutant
tm1176	mutant
tm1177	mutant
tm1178	mutant
tm1179	mutant
tm1180	mutant
tm1181	mutant
tm1182	mutant
tm1183	mutant
tm1184	mutant
tm1185	mutant
tm1186	mutant
tm1187	mutant
tm1188	mutant
tm1189	mutant
tm1190	mutant
tm1191	mutant
tm1192	mutant
tm1193	mutant
tm1194	mutant
tm1195	mutant
tm1196	mutant
tm1197	mutant
tm1198	mutant
tm1199	mutant
tm1200	mutant
tm1201	mutant
tm1202	mutant
tm1203	mutant
tm1205	mutant
tm1206	mutant
tm1207	mutant
tm1208	mutant
tm1209	mutant
tm1210	mutant
tm1211	mutant
tm1212	mutant
tm1214	mutant
tm1216	mutant
tm1217	mutant
tm1218	mutant
tm1219	mutant
tm1220	mutant
tm1221	mutant
tm1222	mutant
tm1223	mutant
tm1224	mutant
tm1225	mutant
tm1226	mutant
tm1227	mutant
tm1228	mutant
tm1229	mutant
tm1230	mutant
tm1231	mutant
tm1232	mutant
tm1233	mutant
tm1234	mutant
tm1235	mutant
tm1236	mutant
tm1237	mutant
tm1238	mutant
tm1239	mutant
tm1240	mutant
tm1241	mutant
tm1242	mutant
tm1243	mutant
tm1244	mutant
tm1245	mutant
tm1246	mutant
tm1247	mutant
tm1248	mutant
tm1249	mutant
tm1250	mutant
tm1251	mutant
tm1252	mutant
tm1253	mutant
tm1254	mutant
tm1255	mutant
tm1256	mutant
tm1257	mutant
tm1258	mutant
tm1260	mutant
tm1261	mutant
tm1262	mutant
tm1263	mutant
tm1264	mutant
tm1265	mutant
tm1266	mutant
tm1267	mutant
tm1268	mutant
tm1269	mutant
tm1270	mutant
tm1271	mutant
tm1273	mutant
tm1274	mutant
tm1275	mutant
tm1276	mutant
tm1277	mutant
tm1278	mutant
tm1279	mutant
tm1280	mutant
tm1281	mutant
tm1282	mutant
tm1283	mutant
tm1284	mutant
tm1285	mutant
tm1286	mutant
tm1287	mutant
tm1289	mutant
tm1290	mutant
tm1291	mutant
tm1292	mutant
tm1294	mutant
tm1295	mutant
tm1296	mutant
tm1297	mutant
tm1298	mutant
tm1300	mutant
tm1301	mutant
tm1302	mutant
tm1303	mutant
tm1304	mutant
tm1305	mutant
tm1307	mutant
tm1308	mutant
tm1309	mutant
tm1310	mutant
tm1312	mutant
tm1313	mutant
tm1314	mutant
tm1316	mutant
tm1317	mutant
tm1318	mutant
tm1319	mutant
tm1320	mutant
tm1321	mutant
tm1322	mutant
tm1323	mutant
tm1324	mutant
tm1325	mutant
tm1326	mutant
tm1327	mutant
tm1328	mutant
tm1329	mutant
tm1330	mutant
tm1331	mutant
tm1332	mutant
tm1333	mutant
tm1334	mutant
tm1335	mutant
tm1336	mutant
tm1338	mutant
tm1339	mutant
tm1340	mutant
tm1341	mutant
tm1342	mutant
tm1343	mutant
tm1344	mutant
tm1345	mutant
tm1346	mutant
tm1347	mutant
tm1348	mutant
tm1349	mutant
tm1350	mutant
tm1351	mutant
tm1352	mutant
tm1353	mutant
tm1354	mutant
tm1355	mutant
tm1356	mutant
tm1357	mutant
tm1358	mutant
tm1359	mutant
tm1360	mutant
tm1361	mutant
tm1362	mutant
tm1363	mutant
tm1364	mutant
tm1365	mutant
tm1366	mutant
tm1367	mutant
tm1368	mutant
tm1369	mutant
tm1370	mutant
tm1371	mutant
tm1372	mutant
tm1373	mutant
tm1374	mutant
tm1375	mutant
tm1376	mutant
tm1377	mutant
tm1378	mutant
tm1379	mutant
tm1380	mutant
tm1381	mutant
tm1382	mutant
tm1383	mutant
tm1384	mutant
tm1385	mutant
tm1386	mutant
tm1387	mutant
tm1388	mutant
tm1389	mutant
tm1390	mutant
tm1391	mutant
tm1392	mutant
tm1393	mutant
tm1394	mutant
tm1395	mutant
tm1396	mutant
tm1397	mutant
tm1398	mutant
tm1399	mutant
tm1400	mutant
tm1401	mutant
tm1402	mutant
tm1403	mutant
tm1404	mutant
tm1405	mutant
tm1406	mutant
tm1407	mutant
tm1408	mutant
tm1409	mutant
tm1410	mutant
tm1411	mutant
tm1412	mutant
tm1413	mutant
tm1414	mutant
tm1415	mutant
tm1416	mutant
tm1417	mutant
tm1418	mutant
tm1419	mutant
tm1420	mutant
tm1421	mutant
tm1422	mutant
tm1423	mutant
tm1424	mutant
tm1425	mutant
tm1426	mutant
tm1427	mutant
tm1428	mutant
tm1429	mutant
tm1430	mutant
tm1431	mutant
tm1432	mutant
tm1433	mutant
tm1434	mutant
tm1435	mutant
tm1436	mutant
tm1437	mutant
tm1438	mutant
tm1439	mutant
tm1440	mutant
tm1441	mutant
tm1442	mutant
tm1443	mutant
tm1444	mutant
tm1445	mutant
tm1446	mutant
tm1447	mutant
tm1448	mutant
tm1449	mutant
tm1450	mutant
tm1451	mutant
tm1452	mutant
tm1453	mutant
tm1455	mutant
tm1456	mutant
tm1457	mutant
tm1458	mutant
tm1459	mutant
tm1460	mutant
tm1461	mutant
tm1462	mutant
tm1463	mutant
tm1464	mutant
tm1465	mutant
tm1466	mutant
tm1467	mutant
tm1468	mutant
tm1469	mutant
tm1471	mutant
tm1472	mutant
tm1473	mutant
tm1474	mutant
tm1475	mutant
tm1476	mutant
tm1477	mutant
tm1478	mutant
tm1479	mutant
tm1480	mutant
tm1481	mutant
tm1482	mutant
tm1483	mutant
tm1484	mutant
tm1485	mutant
tm1487	mutant
tm1488	mutant
tm1489	mutant
tm1490	mutant
tm1492	mutant
tm1493	mutant
tm1494	mutant
tm1495	mutant
tm1496	mutant
tm1497	mutant
tm1498	mutant
tm1499	mutant
tm1500	mutant
tm1501	mutant
tm1502	mutant
tm1503	mutant
tm1504	mutant
tm1505	mutant
tm1506	mutant
tm1507	mutant
tm1508	mutant
tm1509	mutant
tm1510	mutant
tm1512	mutant
tm1513	mutant
tm1514	mutant
tm1515	mutant
tm1516	mutant
tm1517	mutant
tm1518	mutant
tm1519	mutant
tm1520	mutant
tm1521	mutant
tm1522	mutant
tm1523	mutant
tm1524	mutant
tm1525	mutant
tm1526	mutant
tm1527	mutant
tm1528	mutant
tm1529	mutant
tm1531	mutant
tm1532	mutant
tm1533	mutant
tm1534	mutant
tm1535	mutant
tm1537	mutant
tm1538	mutant
tm1539	mutant
tm1540	mutant
tm1541	mutant
tm1542	mutant
tm1544	mutant
tm1545	mutant
tm1546	mutant
tm1548	mutant
tm1549	mutant
tm1550	mutant
tm1552	mutant
tm1553	mutant
tm1554	mutant
tm1555	mutant
tm1556	mutant
tm1557	mutant
tm1558	mutant
tm1559	mutant
tm1560	mutant
tm1562	mutant
tm1563	mutant
tm1564	mutant
tm1565	mutant
tm1566	mutant
tm1567	mutant
tm1568	mutant
tm1569	mutant
tm1570	mutant
tm1571	mutant
tm1572	mutant
tm1573	mutant
tm1574	mutant
tm1575	mutant
tm1576	mutant
tm1577	mutant
tm1578	mutant
tm1579	mutant
tm1580	mutant
tm1581	mutant
tm1582	mutant
tm1583	mutant
tm1584	mutant
tm1585	mutant
tm1586	mutant
tm1588	mutant
tm1589	mutant
tm1590	mutant
tm1591	mutant
tm1592	mutant
tm1593	mutant
tm1594	mutant
tm1595	mutant
tm1596	mutant
tm1597	mutant
tm1598	mutant
tm1599	mutant
tm1600	mutant
tm1601	mutant
tm1602	mutant
tm1603	mutant
tm1605	mutant
tm1606	mutant
tm1607	mutant
tm1608	mutant
tm1610	mutant
tm1611	mutant
tm1613	mutant
tm1614	mutant
tm1615	mutant
tm1617	mutant
tm1618	mutant
tm1619	mutant
tm1620	mutant
tm1621	mutant
tm1622	mutant
tm1623	mutant
tm1624	mutant
tm1625	mutant
tm1626	mutant
tm1627	mutant
tm1628	mutant
tm1629	mutant
tm1630	mutant
tm1631	mutant
tm1632	mutant
tm1633	mutant
tm1634	mutant
tm1635	mutant
tm1636	mutant
tm1637	mutant
tm1638	mutant
tm1639	mutant
tm1640	mutant
tm1641	mutant
tm1642	mutant
tm1643	mutant
tm1644	mutant
tm1645	mutant
tm1646	mutant
tm1647	mutant
tm1648	mutant
tm1649	mutant
tm1650	mutant
tm1651	mutant
tm1652	mutant
tm1653	mutant
tm1654	mutant
tm1655	mutant
tm1656	mutant
tm1657	mutant
tm1658	mutant
tm1659	mutant
tm1660	mutant
tm1661	mutant
tm1662	mutant
tm1663	mutant
tm1664	mutant
tm1665	mutant
tm1666	mutant
tm1667	mutant
tm1668	mutant
tm1670	mutant
tm1671	mutant
tm1672	mutant
tm1673	mutant
tm1675	mutant
tm1676	mutant
tm1677	mutant
tm1678	mutant
tm1679	mutant
tm1680	mutant
tm1681	mutant
tm1682	mutant
tm1683	mutant
tm1684	mutant
tm1686	mutant
tm1687	mutant
tm1688	mutant
tm1689	mutant
tm1690	mutant
tm1691	mutant
tm1692	mutant
tm1693	mutant
tm1694	mutant
tm1695	mutant
tm1696	mutant
tm1697	mutant
tm1698	mutant
tm1699	mutant
tm1700	mutant
tm1701	mutant
tm1703	mutant
tm1704	mutant
tm1705	mutant
tm1706	mutant
tm1708	mutant
tm1709	mutant
tm1710	mutant
tm1711	mutant
tm1712	mutant
tm1713	mutant
tm1714	mutant
tm1715	mutant
tm1716	mutant
tm1719	mutant
tm1720	mutant
tm1722	mutant
tm1723	mutant
tm1724	mutant
tm1725	mutant
tm1726	mutant
tm1728	mutant
tm1729	mutant
tm1730	mutant
tm1731	mutant
tm1732	mutant
tm1733	mutant
tm1734	mutant
tm1736	mutant
tm1737	mutant
tm1738	mutant
tm1739	mutant
tm1741	mutant
tm1743	mutant
tm1744	mutant
tm1745	mutant
tm1746	mutant
tm1747	mutant
tm1748	mutant
tm1749	mutant
tm1750	mutant
tm1751	mutant
tm1752	mutant
tm1753	mutant
tm1754	mutant
tm1755	mutant
tm1756	mutant
tm1757	mutant
tm1758	mutant
tm1759	mutant
tm1760	mutant
tm1761	mutant
tm1762	mutant
tm1763	mutant
tm1764	mutant
tm1765	mutant
tm1766	mutant
tm1767	mutant
tm1768	mutant
tm1769	mutant
tm1770	mutant
tm1771	mutant
tm1772	mutant
tm1773	mutant
tm1774	mutant
tm1775	mutant
tm1776	mutant
tm1777	mutant
tm1778	mutant
tm1779	mutant
tm1780	mutant
tm1781	mutant
tm1782	mutant
tm1783	mutant
tm1784	mutant
tm1785	mutant
tm1786	mutant
tm1787	mutant
tm1788	mutant
tm1789	mutant
tm1790	mutant
tm1791	mutant
tm1792	mutant
tm1793	mutant
tm1794	mutant
tm1795	mutant
tm1796	mutant
tm1798	mutant
tm1799	mutant
tm1800	mutant
tm1801	mutant
tm1802	mutant
tm1803	mutant
tm1804	mutant
tm1805	mutant
tm1806	mutant
tm1807	mutant
tm1808	mutant
tm1809	mutant
tm1810	mutant
tm1811	mutant
tm1812	mutant
tm1813	mutant
tm1814	mutant
tm1815	mutant
tm1816	mutant
tm1817	mutant
tm1818	mutant
tm1819	mutant
tm1820	mutant
tm1821	mutant
tm1822	mutant
tm1823	mutant
tm1824	mutant
tm1825	mutant
tm1826	mutant
tm1827	mutant
tm1828	mutant
tm1829	mutant
tm1830	mutant
tm1831	mutant
tm1832	mutant
tm1833	mutant
tm1834	mutant
tm1835	mutant
tm1836	mutant
tm1838	mutant
tm1839	mutant
tm1840	mutant
tm1841	mutant
tm1842	mutant
tm1843	mutant
tm1844	mutant
tm1845	mutant
tm1846	mutant
tm1847	mutant
tm1848	mutant
tm1849	mutant
tm1850	mutant
tm1851	mutant
tm1852	mutant
tm1853	mutant
tm1854	mutant
tm1855	mutant
tm1856	mutant
tm1857	mutant
tm1858	mutant
tm1860	mutant
tm1861	mutant
tm1862	mutant
tm1863	mutant
tm1864	mutant
tm1865	mutant
tm1866	mutant
tm1867	mutant
tm1869	mutant
tm1868	mutant
tm1870	mutant
tm1871	mutant
tm1872	mutant
tm1873	mutant
tm1874	mutant
tm1875	mutant
tm1876	mutant
tm1877	mutant
tm1878	mutant
tm1879	mutant
tm1880	mutant
tm1881	mutant
tm1882	mutant
tm1883	mutant
tm1884	mutant
tm1885	mutant
tm1886	mutant
tm1887	mutant
tm1888	mutant
tm1889	mutant
tm1890	mutant
tm1891	mutant
tm1892	mutant
tm1893	mutant
tm1895	mutant
tm1896	mutant
tm1897	mutant
tm1898	mutant
tm1899	mutant
tm1900	mutant
tm1901	mutant
tm1903	mutant
tm1904	mutant
tm1905	mutant
tm1906	mutant
tm1907	mutant
tm1908	mutant
tm1909	mutant
tm1910	mutant
tm1911	mutant
tm1912	mutant
tm1913	mutant
tm1914	mutant
tm1915	mutant
tm1916	mutant
tm1917	mutant
tm1918	mutant
tm1919	mutant
tm1920	mutant
tm1921	mutant
tm1922	mutant
tm1923	mutant
tm1924	mutant
tm1925	mutant
tm1926	mutant
tm1927	mutant
tm1928	mutant
tm1929	mutant
tm1930	mutant
tm1931	mutant
tm1932	mutant
tm1933	mutant
tm1934	mutant
tm1935	mutant
tm1936	mutant
tm1937	mutant
tm1938	mutant
tm1939	mutant
tm1940	mutant
tm1941	mutant
tm1942	mutant
tm1943	mutant
tm1944	mutant
tm1945	mutant
tm1946	mutant
tm1947	mutant
tm1948	mutant
tm1949	mutant
tm1950	mutant
tm1951	mutant
tm1952	mutant
tm1953	mutant
tm1954	mutant
tm1955	mutant
tm1956	mutant
tm1957	mutant
tm1958	mutant
tm1959	mutant
tm1960	mutant
tm1961	mutant
tm1962	mutant
tm1963	mutant
tm1964	mutant
tm1965	mutant
tm1966	mutant
tm1967	mutant
tm1968	mutant
tm1969	mutant
tm1971	mutant
tm1972	mutant
tm1973	mutant
tm1974	mutant
tm1975	mutant
tm1976	mutant
tm1977	mutant
tm1978	mutant
tm1979	mutant
tm1980	mutant
tm1981	mutant
tm1983	mutant
tm1984	mutant
tm1985	mutant
tm1986	mutant
tm1987	mutant
tm1988	mutant
tm1989	mutant
tm1990	mutant
tm1991	mutant
tm1992	mutant
tm1993	mutant
tm1994	mutant
tm1995	mutant
tm1996	mutant
tm1997	mutant
tm1998	mutant
tm1999	mutant
tm2000	mutant
tm2001	mutant
tm2002	mutant
tm2003	mutant
tm2004	mutant
tm2005	mutant
tm2006	mutant
tm2007	mutant
tm2008	mutant
tm2009	mutant
tm2010	mutant
tm2011	mutant
tm2012	mutant
tm2013	mutant
tm2014	mutant
tm2015	mutant
tm2016	mutant
tm2017	mutant
tm2018	mutant
tm2019	mutant
tm2020	mutant
tm2021	mutant
tm2024	mutant
tm2025	mutant
tm2026	mutant
tm2027	mutant
tm2028	mutant
tm2029	mutant
tm2030	mutant
tm2031	mutant
tm2032	mutant
tm2033	mutant
tm2034	mutant
tm2035	mutant
tm2036	mutant
tm2042	mutant
tm2038	mutant
tm2039	mutant
tm2040	mutant
tm2041	mutant
tm2037	mutant
tm2044	mutant
tm2045	mutant
tm2046	mutant
tm2047	mutant
tm2048	mutant
tm2049	mutant
tm2050	mutant
tm2051	mutant
tm2052	mutant
tm2053	mutant
tm2054	mutant
tm2055	mutant
tm2056	mutant
tm2057	mutant
tm2058	mutant
tm2059	mutant
tm2060	mutant
tm2061	mutant
tm2063	mutant
tm2064	mutant
tm2065	mutant
tm2066	mutant
tm2067	mutant
tm2068	mutant
tm2069	mutant
tm2070	mutant
tm2071	mutant
tm2072	mutant
tm2073	mutant
tm2074	mutant
tm2075	mutant
tm2076	mutant
tm2077	mutant
tm2078	mutant
tm2079	mutant
tm2080	mutant
tm2081	mutant
tm2084	mutant
tm2085	mutant
tm2087	mutant
tm2088	mutant
tm2089	mutant
tm2090	mutant
tm2091	mutant
tm2092	mutant
tm2093	mutant
tm2094	mutant
tm2095	mutant
tm2096	mutant
tm2097	mutant
tm2098	mutant
tm2099	mutant
tm2100	mutant
tm2101	mutant
tm2102	mutant
tm2103	mutant
tm2104	mutant
tm2105	mutant
tm2107	mutant
tm2108	mutant
tm2109	mutant
tm2110	mutant
tm2111	mutant
tm2112	mutant
tm2113	mutant
tm2114	mutant
tm2115	mutant
tm2116	mutant
tm2117	mutant
tm2118	mutant
tm2120	mutant
tm2121	mutant
tm2122	mutant
tm2123	mutant
tm2124	mutant
tm2125	mutant
tm2126	mutant
tm2127	mutant
tm2128	mutant
tm2129	mutant
tm2130	mutant
tm2131	mutant
tm2132	mutant
tm2133	mutant
tm2134	mutant
tm2135	mutant
tm2136	mutant
tm2137	mutant
tm2138	mutant
tm2139	mutant
tm2140	mutant
tm2141	mutant
tm2142	mutant
tm2143	mutant
tm2144	mutant
tm2145	mutant
tm2146	mutant
tm2147	mutant
tm2148	mutant
tm2149	mutant
tm2150	mutant
tm2151	mutant
tm2152	mutant
tm2153	mutant
tm2154	mutant
tm2155	mutant
tm2156	mutant
tm2157	mutant
tm2159	mutant
tm2160	mutant
tm2161	mutant
tm2162	mutant
tm2163	mutant
tm2164	mutant
tm2165	mutant
tm2166	mutant
tm2167	mutant
tm2168	mutant
tm2169	mutant
tm2170	mutant
tm2171	mutant
tm2172	mutant
tm2173	mutant
tm2174	mutant
tm2175	mutant
tm2176	mutant
tm2178	mutant
tm2179	mutant
tm2180	mutant
tm2181	mutant
tm2182	mutant
tm2183	mutant
tm2184	mutant
tm2185	mutant
tm2186	mutant
tm2187	mutant
tm2188	mutant
tm2189	mutant
tm2190	mutant
tm2191	mutant
tm2192	mutant
tm2193	mutant
tm2194	mutant
tm2195	mutant
tm2196	mutant
tm2197	mutant
tm2198	mutant
tm2199	mutant
tm2200	mutant
tm2201	mutant
tm2202	mutant
tm2203	mutant
tm2204	mutant
tm2205	mutant
tm2206	mutant
tm2207	mutant
tm2208	mutant
tm2209	mutant
tm2210	mutant
tm2211	mutant
tm2212	mutant
tm2213	mutant
tm2214	mutant
tm2215	mutant
tm2216	mutant
tm2217	mutant
tm2218	mutant
tm2219	mutant
tm2220	mutant
tm2222	mutant
tm2223	mutant
tm2224	mutant
tm2225	mutant
tm2226	mutant
tm2227	mutant
tm2228	mutant
tm2229	mutant
tm2230	mutant
tm2231	mutant
tm2232	mutant
tm2233	mutant
tm2234	mutant
tm2235	mutant
tm2236	mutant
tm2238	mutant
tm2239	mutant
tm2240	mutant
tm2241	mutant
tm2242	mutant
tm2243	mutant
tm2244	mutant
tm2245	mutant
tm2246	mutant
tm2247	mutant
tm2248	mutant
tm2249	mutant
tm2250	mutant
tm2251	mutant
tm2252	mutant
tm2253	mutant
tm2254	mutant
tm2255	mutant
tm2256	mutant
tm2259	mutant
tm2260	mutant
tm2261	mutant
tm2258	mutant
tm2257	mutant
tm2262	mutant
tm2263	mutant
tm2264	mutant
tm2265	mutant
tm2266	mutant
tm2267	mutant
tm2268	mutant
tm2270	mutant
tm2271	mutant
tm2272	mutant
tm2273	mutant
tm2274	mutant
tm2275	mutant
tm2276	mutant
tm2277	mutant
tm2278	mutant
tm2279	mutant
tm2280	mutant
tm2281	mutant
tm2282	mutant
tm2283	mutant
tm2284	mutant
tm2285	mutant
tm2286	mutant
tm2287	mutant
tm2289	mutant
tm2290	mutant
tm2292	mutant
tm2293	mutant
tm2294	mutant
tm2295	mutant
tm2296	mutant
tm2297	mutant
tm2298	mutant
tm2299	mutant
tm2300	mutant
tm2301	mutant
tm2302	mutant
tm2303	mutant
tm2304	mutant
tm2305	mutant
tm2306	mutant
tm2307	mutant
tm2308	mutant
tm2309	mutant
tm2310	mutant
tm2311	mutant
tm2312	mutant
tm2313	mutant
tm2314	mutant
tm2315	mutant
tm2316	mutant
tm2317	mutant
tm2318	mutant
tm2319	mutant
tm2320	mutant
tm2321	mutant
tm2322	mutant
tm2323	mutant
tm2324	mutant
tm2325	mutant
tm2326	mutant
tm2327	mutant
tm2328	mutant
tm2329	mutant
tm2331	mutant
tm2332	mutant
tm2333	mutant
tm2334	mutant
tm2335	mutant
tm2336	mutant
tm2337	mutant
tm2338	mutant
tm2339	mutant
tm2340	mutant
tm2341	mutant
tm2342	mutant
tm2343	mutant
tm2344	mutant
tm2345	mutant
tm2346	mutant
tm2348	mutant
tm2349	mutant
tm2350	mutant
tm2351	mutant
tm2352	mutant
tm2353	mutant
tm2354	mutant
tm2355	mutant
tm2356	mutant
tm2357	mutant
tm2358	mutant
tm2359	mutant
tm2360	mutant
tm2361	mutant
tm2362	mutant
tm2363	mutant
tm2364	mutant
tm2365	mutant
tm2366	mutant
tm2367	mutant
tm2368	mutant
tm2369	mutant
tm2370	mutant
tm2371	mutant
tm2372	mutant
tm2373	mutant
tm2374	mutant
tm2375	mutant
tm2376	mutant
tm2377	mutant
tm2378	mutant
tm2379	mutant
tm2381	mutant
tm2382	mutant
tm2383	mutant
tm2384	mutant
tm2385	mutant
tm2386	mutant
tm2387	mutant
tm2388	mutant
tm2389	mutant
tm2390	mutant
tm2391	mutant
tm2392	mutant
tm2393	mutant
tm2394	mutant
tm2395	mutant
tm2396	mutant
tm2397	mutant
tm2398	mutant
tm2399	mutant
tm2400	mutant
tm2401	mutant
tm2402	mutant
tm2403	mutant
tm2404	mutant
tm2405	mutant
tm2406	mutant
tm2407	mutant
tm2408	mutant
tm2409	mutant
tm2410	mutant
tm2411	mutant
tm2412	mutant
tm2414	mutant
tm2415	mutant
tm2416	mutant
tm2417	mutant
tm2418	mutant
tm2419	mutant
tm2420	mutant
tm2421	mutant
tm2422	mutant
tm2423	mutant
tm2424	mutant
tm2425	mutant
tm2427	mutant
tm2428	mutant
tm2430	mutant
tm2431	mutant
tm2432	mutant
tm2433	mutant
tm2434	mutant
tm2435	mutant
tm2436	mutant
tm2437	mutant
tm2438	mutant
tm2439	mutant
tm2440	mutant
tm2441	mutant
tm2442	mutant
tm2443	mutant
tm2444	mutant
tm2445	mutant
tm2446	mutant
tm2447	mutant
tm2448	mutant
tm2449	mutant
tm2450	mutant
tm2451	mutant
tm2452	mutant
tm2453	mutant
tm2454	mutant
tm2455	mutant
tm2456	mutant
tm2457	mutant
tm2458	mutant
tm2459	mutant
tm2460	mutant
tm2461	mutant
tm2462	mutant
tm2463	mutant
tm2464	mutant
tm2465	mutant
tm2466	mutant
tm2467	mutant
tm2468	mutant
tm2469	mutant
tm2470	mutant
tm2471	mutant
tm2472	mutant
tm2473	mutant
tm2474	mutant
tm2475	mutant
tm2476	mutant
tm2477	mutant
tm2478	mutant
tm2479	mutant
tm2480	mutant
tm2481	mutant
tm2482	mutant
tm2483	mutant
tm2484	mutant
tm2485	mutant
tm2486	mutant
tm2487	mutant
tm2488	mutant
tm2490	mutant
tm2491	mutant
tm2492	mutant
tm2493	mutant
tm2494	mutant
tm2495	mutant
tm2496	mutant
tm2497	mutant
tm2498	mutant
tm2499	mutant
tm2500	mutant
tm2501	mutant
tm2502	mutant
tm2503	mutant
tm2504	mutant
tm2505	mutant
tm2506	mutant
tm2507	mutant
tm2508	mutant
tm2509	mutant
tm2510	mutant
tm2511	mutant
tm2512	mutant
tm2513	mutant
tm2514	mutant
tm2515	mutant
tm2516	mutant
tm2517	mutant
tm2518	mutant
tm2519	mutant
tm2520	mutant
tm2521	mutant
tm2522	mutant
tm2523	mutant
tm2524	mutant
tm2525	mutant
tm2526	mutant
tm2527	mutant
tm2528	mutant
tm2529	mutant
tm2530	mutant
tm2531	mutant
tm2532	mutant
tm2533	mutant
tm2534	mutant
tm2535	mutant
tm2536	mutant
tm2537	mutant
tm2538	mutant
tm2539	mutant
tm2540	mutant
tm2541	mutant
tm2542	mutant
tm2543	mutant
tm2544	mutant
tm2545	mutant
tm2546	mutant
tm2547	mutant
tm2548	mutant
tm2549	mutant
tm2550	mutant
tm2551	mutant
tm2552	mutant
tm2553	mutant
tm2554	mutant
tm2555	mutant
tm2556	mutant
tm2557	mutant
tm2558	mutant
tm2559	mutant
tm2560	mutant
tm2561	mutant
tm2562	mutant
tm2563	mutant
tm2564	mutant
tm2565	mutant
tm2566	mutant
tm2567	mutant
tm2568	mutant
tm2569	mutant
tm2570	mutant
tm2571	mutant
tm2572	mutant
tm2573	mutant
tm2574	mutant
tm2575	mutant
tm2576	mutant
tm2577	mutant
tm2579	mutant
tm2580	mutant
tm2581	mutant
tm2582	mutant
tm2583	mutant
tm2584	mutant
tm2586	mutant
tm2587	mutant
tm2588	mutant
tm2589	mutant
tm2590	mutant
tm2591	mutant
tm2592	mutant
tm2593	mutant
tm2594	mutant
tm2595	mutant
tm2596	mutant
tm2597	mutant
tm2598	mutant
tm2599	mutant
tm2600	mutant
tm2601	mutant
tm2602	mutant
tm2603	mutant
tm2604	mutant
tm2605	mutant
tm2607	mutant
tm2608	mutant
tm2610	mutant
tm2611	mutant
tm2612	mutant
tm2613	mutant
tm2614	mutant
tm2615	mutant
tm2616	mutant
tm2617	mutant
tm2618	mutant
tm2619	mutant
tm2620	mutant
tm2621	mutant
tm2622	mutant
tm2623	mutant
tm2624	mutant
tm2625	mutant
tm2626	mutant
tm2627	mutant
tm2628	mutant
tm2629	mutant
tm2630	mutant
tm2631	mutant
tm2632	mutant
tm2633	mutant
tm2634	mutant
tm2635	mutant
tm2636	mutant
tm2637	mutant
tm2638	mutant
tm2639	mutant
tm2640	mutant
tm2641	mutant
tm2643	mutant
tm2644	mutant
tm2645	mutant
tm2646	mutant
tm2647	mutant
tm2648	mutant
tm2649	mutant
tm2650	mutant
tm2651	mutant
tm2652	mutant
tm2653	mutant
tm2654	mutant
tm2655	mutant
tm2656	mutant
tm2657	mutant
tm2658	mutant
tm2659	mutant
tm2660	mutant
tm2661	mutant
tm2662	mutant
tm2663	mutant
tm2664	mutant
tm2665	mutant
tm2666	mutant
tm2667	mutant
tm2668	mutant
tm2669	mutant
tm2670	mutant
tm2671	mutant
tm2672	mutant
tm2673	mutant
tm2674	mutant
tm2675	mutant
tm2676	mutant
tm2677	mutant
tm2679	mutant
tm2680	mutant
tm2681	mutant
tm2682	mutant
tm2683	mutant
tm2684	mutant
tm2685	mutant
tm2686	mutant
tm2687	mutant
tm2688	mutant
tm2689	mutant
tm2690	mutant
tm2691	mutant
tm2692	mutant
tm2693	mutant
tm2694	mutant
tm2695	mutant
tm2696	mutant
tm2697	mutant
tm2698	mutant
tm2699	mutant
tm2700	mutant
tm2701	mutant
tm2702	mutant
tm2703	mutant
tm2704	mutant
tm2705	mutant
tm2706	mutant
tm2707	mutant
tm2708	mutant
tm2709	mutant
tm2710	mutant
tm2711	mutant
tm2712	mutant
tm2713	mutant
tm2714	mutant
tm2715	mutant
tm2716	mutant
tm2717	mutant
tm2718	mutant
tm2719	mutant
tm2720	mutant
tm2721	mutant
tm2722	mutant
tm2723	mutant
tm2724	mutant
tm2725	mutant
tm2726	mutant
tm2727	mutant
tm2728	mutant
tm2729	mutant
tm2730	mutant
tm2731	mutant
tm2733	mutant
tm2734	mutant
tm2735	mutant
tm2736	mutant
tm2737	mutant
tm2738	mutant
tm2739	mutant
tm2740	mutant
tm2741	mutant
tm2742	mutant
tm2743	mutant
tm2744	mutant
tm2745	mutant
tm2746	mutant
tm2747	mutant
tm2748	mutant
tm2749	mutant
tm2750	mutant
tm2751	mutant
tm2752	mutant
tm2753	mutant
tm2754	mutant
tm2755	mutant
tm2756	mutant
tm2757	mutant
tm2758	mutant
tm2759	mutant
tm2760	mutant
tm2761	mutant
tm2762	mutant
tm2763	mutant
tm2764	mutant
tm2765	mutant
tm2766	mutant
tm2768	mutant
tm2769	mutant
tm2770	mutant
tm2771	mutant
tm2772	mutant
tm2773	mutant
tm2774	mutant
tm2775	mutant
tm2776	mutant
tm2779	mutant
tm2780	mutant
tm2781	mutant
tm2782	mutant
tm2783	mutant
tm2784	mutant
tm2785	mutant
tm2786	mutant
tm2787	mutant
tm2788	mutant
tm2789	mutant
tm2790	mutant
tm2791	mutant
tm2792	mutant
tm2793	mutant
tm2794	mutant
tm2795	mutant
tm2796	mutant
tm2797	mutant
tm2798	mutant
tm2799	mutant
tm2800	mutant
tm2801	mutant
tm2802	mutant
tm2803	mutant
tm2805	mutant
tm2806	mutant
tm2807	mutant
tm2808	mutant
tm2809	mutant
tm2810	mutant
tm2811	mutant
tm2812	mutant
tm2813	mutant
tm2814	mutant
tm2815	mutant
tm2816	mutant
tm2817	mutant
tm2818	mutant
tm2819	mutant
tm2820	mutant
tm2821	mutant
tm2822	mutant
tm2823	mutant
tm2824	mutant
tm2825	mutant
tm2827	mutant
tm2828	mutant
tm2829	mutant
tm2830	mutant
tm2831	mutant
tm2832	mutant
tm2834	mutant
tm2835	mutant
tm2837	mutant
tm2838	mutant
tm2839	mutant
tm2840	mutant
tm2841	mutant
tm2842	mutant
tm2843	mutant
tm2844	mutant
tm2845	mutant
tm2846	mutant
tm2847	mutant
tm2848	mutant
tm2849	mutant
tm2850	mutant
tm2851	mutant
tm2852	mutant
tm2853	mutant
tm2854	mutant
tm2855	mutant
tm2856	mutant
tm2857	mutant
tm2858	mutant
tm2859	mutant
tm2860	mutant
tm2861	mutant
tm2862	mutant
tm2863	mutant
tm2864	mutant
tm2865	mutant
tm2866	mutant
tm2867	mutant
tm2868	mutant
tm2869	mutant
tm2870	mutant
tm2871	mutant
tm2872	mutant
tm2873	mutant
tm2874	mutant
tm2875	mutant
tm2876	mutant
tm2877	mutant
tm2878	mutant
tm2879	mutant
tm2880	mutant
tm2881	mutant
tm2882	mutant
tm2884	mutant
tm2885	mutant
tm2886	mutant
tm2887	mutant
tm2888	mutant
tm2889	mutant
tm2890	mutant
tm2891	mutant
tm2892	mutant
tm2893	mutant
tm2894	mutant
tm2895	mutant
tm2896	mutant
tm2897	mutant
tm2898	mutant
tm2899	mutant
tm2900	mutant
tm2901	mutant
tm2902	mutant
tm2903	mutant
tm2904	mutant
tm2905	mutant
tm2907	mutant
tm2908	mutant
tm2909	mutant
tm2910	mutant
tm2911	mutant
tm2912	mutant
tm2913	mutant
tm2914	mutant
tm2915	mutant
tm2916	mutant
tm2917	mutant
tm2918	mutant
tm2919	mutant
tm2920	mutant
tm2921	mutant
tm2922	mutant
tm2923	mutant
tm2924	mutant
tm2925	mutant
tm2926	mutant
tm2927	mutant
tm2928	mutant
tm2929	mutant
tm2930	mutant
tm2932	mutant
tm2933	mutant
tm2934	mutant
tm2935	mutant
tm2936	mutant
tm2937	mutant
tm2938	mutant
tm2939	mutant
tm2940	mutant
tm2941	mutant
tm2943	mutant
tm2944	mutant
tm2945	mutant
tm2946	mutant
tm2947	mutant
tm2948	mutant
tm2949	mutant
tm2950	mutant
tm2952	mutant
tm2953	mutant
tm2954	mutant
tm2955	mutant
tm2956	mutant
tm2957	mutant
tm2958	mutant
tm2959	mutant
tm2960	mutant
tm2961	mutant
tm2962	mutant
tm2963	mutant
tm2964	mutant
tm2965	mutant
tm2966	mutant
tm2967	mutant
tm2968	mutant
tm2969	mutant
tm2970	mutant
tm2972	mutant
tm2973	mutant
tm2974	mutant
tm2975	mutant
tm2976	mutant
tm2977	mutant
tm2978	mutant
tm2979	mutant
tm2981	mutant
tm2982	mutant
tm2983	mutant
tm2984	mutant
tm2985	mutant
tm2986	mutant
tm2988	mutant
tm2990	mutant
tm2991	mutant
tm2992	mutant
tm2993	mutant
tm2994	mutant
tm2995	mutant
tm2996	mutant
tm2997	mutant
tm2998	mutant
tm2999	mutant
tm3001	mutant
tm3002	mutant
tm3003	mutant
tm3004	mutant
tm3005	mutant
tm3006	mutant
tm3007	mutant
tm3008	mutant
tm3009	mutant
tm3010	mutant
tm3011	mutant
tm3012	mutant
tm3013	mutant
tm3014	mutant
tm3015	mutant
tm3016	mutant
tm3017	mutant
tm3018	mutant
tm3019	mutant
tm3020	mutant
tm3021	mutant
tm3023	mutant
tm3024	mutant
tm3025	mutant
tm3026	mutant
tm3027	mutant
tm3028	mutant
tm3029	mutant
tm3030	mutant
tm3031	mutant
tm3032	mutant
tm3034	mutant
tm3035	mutant
tm3036	mutant
tm3037	mutant
tm3038	mutant
tm3039	mutant
tm3040	mutant
tm3041	mutant
tm3042	mutant
tm3044	mutant
tm3045	mutant
tm3046	mutant
tm3047	mutant
tm3048	mutant
tm3049	mutant
tm3050	mutant
tm3051	mutant
tm3052	mutant
tm3053	mutant
tm3054	mutant
tm3055	mutant
tm3056	mutant
tm3057	mutant
tm3058	mutant
tm3059	mutant
tm3060	mutant
tm3061	mutant
tm3062	mutant
tm3063	mutant
tm3064	mutant
tm3065	mutant
tm3066	mutant
tm3067	mutant
tm3068	mutant
tm3069	mutant
tm3070	mutant
tm3071	mutant
tm3072	mutant
tm3073	mutant
tm3074	mutant
tm3075	mutant
tm3076	mutant
tm3077	mutant
tm3078	mutant
tm3079	mutant
tm3080	mutant
tm3081	mutant
tm3082	mutant
tm3083	mutant
tm3084	mutant
tm3085	mutant
tm3086	mutant
tm3087	mutant
tm3088	mutant
tm3089	mutant
tm3090	mutant
tm3092	mutant
tm3093	mutant
tm3094	mutant
tm3095	mutant
tm3096	mutant
tm3097	mutant
tm3098	mutant
tm3099	mutant
tm3100	mutant
tm3101	mutant
tm3102	mutant
tm3103	mutant
tm3104	mutant
tm3105	mutant
tm3106	mutant
tm3107	mutant
tm3108	mutant
tm3109	mutant
tm3110	mutant
tm3111	mutant
tm3112	mutant
tm3113	mutant
tm3114	mutant
tm3115	mutant
tm3116	mutant
tm3117	mutant
tm3118	mutant
tm3120	mutant
tm3121	mutant
tm3122	mutant
tm3123	mutant
tm3124	mutant
tm3125	mutant
tm3126	mutant
tm3127	mutant
tm3128	mutant
tm3129	mutant
tm3130	mutant
tm3131	mutant
tm3132	mutant
tm3133	mutant
tm3134	mutant
tm3135	mutant
tm3136	mutant
tm3137	mutant
tm3138	mutant
tm3139	mutant
tm3140	mutant
tm3141	mutant
tm3142	mutant
tm3143	mutant
tm3144	mutant
tm3145	mutant
tm3146	mutant
tm3147	mutant
tm3148	mutant
tm3149	mutant
tm3150	mutant
tm3151	mutant
tm3152	mutant
tm3153	mutant
tm3154	mutant
tm3156	mutant
tm3157	mutant
tm3158	mutant
tm3159	mutant
tm3160	mutant
tm3161	mutant
tm3163	mutant
tm3164	mutant
tm3165	mutant
tm3166	mutant
tm3167	mutant
tm3168	mutant
tm3169	mutant
tm3170	mutant
tm3171	mutant
tm3172	mutant
tm3173	mutant
tm3174	mutant
tm3175	mutant
tm3177	mutant
tm3178	mutant
tm3179	mutant
tm3180	mutant
tm3181	mutant
tm3182	mutant
tm3183	mutant
tm3184	mutant
tm3185	mutant
tm3186	mutant
tm3187	mutant
tm3188	mutant
tm3189	mutant
tm3190	mutant
tm3191	mutant
tm3192	mutant
tm3193	mutant
tm3194	mutant
tm3195	mutant
tm3196	mutant
tm3197	mutant
tm3198	mutant
tm3199	mutant
tm3200	mutant
tm3201	mutant
tm3202	mutant
tm3203	mutant
tm3204	mutant
tm3205	mutant
tm3206	mutant
tm3207	mutant
tm3208	mutant
tm3209	mutant
tm3210	mutant
tm3211	mutant
tm3212	mutant
tm3214	mutant
tm3216	mutant
tm3217	mutant
tm3218	mutant
tm3219	mutant
tm3220	mutant
tm3221	mutant
tm3222	mutant
tm3223	mutant
tm3224	mutant
tm3225	mutant
tm3226	mutant
tm3227	mutant
tm3228	mutant
tm3229	mutant
tm3230	mutant
tm3231	mutant
tm3232	mutant
tm3233	mutant
tm3234	mutant
tm3235	mutant
tm3236	mutant
tm3237	mutant
tm3238	mutant
tm3239	mutant
tm3240	mutant
tm3241	mutant
tm3242	mutant
tm3244	mutant
tm3245	mutant
tm3246	mutant
tm3247	mutant
tm3248	mutant
tm3249	mutant
tm3250	mutant
tm3251	mutant
tm3252	mutant
tm3254	mutant
tm3255	mutant
tm3256	mutant
tm3257	mutant
tm3258	mutant
tm3259	mutant
tm3260	mutant
tm3261	mutant
tm3262	mutant
tm3263	mutant
tm3264	mutant
tm3265	mutant
tm3266	mutant
tm3267	mutant
tm3268	mutant
tm3269	mutant
tm3270	mutant
tm3271	mutant
tm3272	mutant
tm3274	mutant
tm3275	mutant
tm3276	mutant
tm3278	mutant
tm3279	mutant
tm3280	mutant
tm3281	mutant
tm3282	mutant
tm3283	mutant
tm3284	mutant
tm3285	mutant
tm3286	mutant
tm3287	mutant
tm3288	mutant
tm3289	mutant
tm3290	mutant
tm3291	mutant
tm3292	mutant
tm3293	mutant
tm3294	mutant
tm3295	mutant
tm3296	mutant
tm3297	mutant
tm3298	mutant
tm3299	mutant
tm3300	mutant
tm3301	mutant
tm3302	mutant
tm3303	mutant
tm3304	mutant
tm3305	mutant
tm3306	mutant
tm3307	mutant
tm3308	mutant
tm3309	mutant
tm3310	mutant
tm3311	mutant
tm3314	mutant
tm3315	mutant
tm3316	mutant
tm3317	mutant
tm3318	mutant
tm3319	mutant
tm3320	mutant
tm3321	mutant
tm3322	mutant
tm3324	mutant
tm3325	mutant
tm3326	mutant
tm3327	mutant
tm3328	mutant
tm3329	mutant
tm3330	mutant
tm3331	mutant
tm3332	mutant
tm3333	mutant
tm3334	mutant
tm3335	mutant
tm3337	mutant
tm3338	mutant
tm3339	mutant
tm3340	mutant
tm3341	mutant
tm3342	mutant
tm3343	mutant
tm3344	mutant
tm3345	mutant
tm3346	mutant
tm3347	mutant
tm3348	mutant
tm3349	mutant
tm3351	mutant
tm3352	mutant
tm3354	mutant
tm3355	mutant
tm3356	mutant
tm3357	mutant
tm3358	mutant
tm3359	mutant
tm3360	mutant
tm3361	mutant
tm3362	mutant
tm3363	mutant
tm3364	mutant
tm3365	mutant
tm3367	mutant
tm3368	mutant
tm3369	mutant
tm3370	mutant
tm3371	mutant
tm3372	mutant
tm3373	mutant
tm3374	mutant
tm3375	mutant
tm3376	mutant
tm3377	mutant
tm3378	mutant
tm3379	mutant
tm3380	mutant
tm3381	mutant
tm3382	mutant
tm3383	mutant
tm3384	mutant
tm3385	mutant
tm3386	mutant
tm3387	mutant
tm3388	mutant
tm3389	mutant
tm3390	mutant
tm3391	mutant
tm3392	mutant
tm3393	mutant
tm3394	mutant
tm3395	mutant
tm3396	mutant
tm3397	mutant
tm3398	mutant
tm3399	mutant
tm3400	mutant
tm3401	mutant
tm3402	mutant
tm3403	mutant
tm3404	mutant
tm3405	mutant
tm3406	mutant
tm3408	mutant
tm3409	mutant
tm3410	mutant
tm3411	mutant
tm3412	mutant
tm3413	mutant
tm3414	mutant
tm3416	mutant
tm3417	mutant
tm3418	mutant
tm3419	mutant
tm3420	mutant
tm3421	mutant
tm3422	mutant
tm3424	mutant
tm3425	mutant
tm3426	mutant
tm3428	mutant
tm3429	mutant
tm3430	mutant
tm3431	mutant
tm3432	mutant
tm3433	mutant
tm3434	mutant
tm3436	mutant
tm3437	mutant
tm3438	mutant
tm3439	mutant
tm3440	mutant
tm3441	mutant
tm3442	mutant
tm3443	mutant
tm3444	mutant
tm3445	mutant
tm3446	mutant
tm3447	mutant
tm3448	mutant
tm3449	mutant
tm3450	mutant
tm3451	mutant
tm3452	mutant
tm3453	mutant
tm3454	mutant
tm3455	mutant
tm3456	mutant
tm3457	mutant
tm3458	mutant
tm3459	mutant
tm3460	mutant
tm3462	mutant
tm3463	mutant
tm3464	mutant
tm3465	mutant
tm3466	mutant
tm3467	mutant
tm3468	mutant
tm3470	mutant
tm3471	mutant
tm3472	mutant
tm3473	mutant
tm3474	mutant
tm3476	mutant
tm3477	mutant
tm3478	mutant
tm3479	mutant
tm3480	mutant
tm3481	mutant
tm3482	mutant
tm3483	mutant
tm3484	mutant
tm3485	mutant
tm3486	mutant
tm3487	mutant
tm3488	mutant
tm3489	mutant
tm3491	mutant
tm3493	mutant
tm3495	mutant
tm3496	mutant
tm3497	mutant
tm3498	mutant
tm3499	mutant
tm3500	mutant
tm3501	mutant
tm3502	mutant
tm3503	mutant
tm3504	mutant
tm3505	mutant
tm3506	mutant
tm3507	mutant
tm3508	mutant
tm3509	mutant
tm3510	mutant
tm3511	mutant
tm3512	mutant
tm3513	mutant
tm3514	mutant
tm3515	mutant
tm3516	mutant
tm3517	mutant
tm3518	mutant
tm3519	mutant
tm3520	mutant
tm3521	mutant
tm3522	mutant
tm3523	mutant
tm3524	mutant
tm3525	mutant
tm3526	mutant
tm3527	mutant
tm3529	mutant
tm3530	mutant
tm3531	mutant
tm3532	mutant
tm3533	mutant
tm3534	mutant
tm3535	mutant
tm3536	mutant
tm3537	mutant
tm3538	mutant
tm3539	mutant
tm3540	mutant
tm3541	mutant
tm3542	mutant
tm3543	mutant
tm3544	mutant
tm3545	mutant
tm3546	mutant
tm3548	mutant
tm3550	mutant
tm3551	mutant
tm3552	mutant
tm3553	mutant
tm3555	mutant
tm3556	mutant
tm3557	mutant
tm3558	mutant
tm3559	mutant
tm3560	mutant
tm3562	mutant
tm3563	mutant
tm3564	mutant
tm3565	mutant
tm3566	mutant
tm3567	mutant
tm3568	mutant
tm3569	mutant
tm3572	mutant
tm3573	mutant
tm3574	mutant
tm3575	mutant
tm3576	mutant
tm3577	mutant
tm3578	mutant
tm3580	mutant
tm3581	mutant
tm3582	mutant
tm3583	mutant
tm3584	mutant
tm3586	mutant
tm3587	mutant
tm3588	mutant
tm3590	mutant
tm3585	mutant
tm3591	mutant
tm3592	mutant
tm3593	mutant
tm3594	mutant
tm3595	mutant
tm3596	mutant
tm3598	mutant
tm3600	mutant
tm3599	mutant
tm3601	mutant
tm3602	mutant
tm3603	mutant
tm3604	mutant
tm3605	mutant
tm3606	mutant
tm3607	mutant
tm3608	mutant
tm3609	mutant
tm3610	mutant
tm3611	mutant
tm3612	mutant
tm3613	mutant
tm3614	mutant
tm3615	mutant
tm3616	mutant
tm3617	mutant
tm3618	mutant
tm3619	mutant
tm3620	mutant
tm3621	mutant
tm3622	mutant
tm3623	mutant
tm3624	mutant
tm3625	mutant
tm3626	mutant
tm3628	mutant
tm3629	mutant
tm3630	mutant
tm3631	mutant
tm3632	mutant
tm3633	mutant
tm3634	mutant
tm3635	mutant
tm3636	mutant
tm3637	mutant
tm3638	mutant
tm3639	mutant
tm3640	mutant
tm3641	mutant
tm3642	mutant
tm3643	mutant
tm3644	mutant
tm3645	mutant
tm3646	mutant
tm3647	mutant
tm3648	mutant
tm3649	mutant
tm3650	mutant
tm3651	mutant
tm3652	mutant
tm3653	mutant
tm3654	mutant
tm3655	mutant
tm3656	mutant
tm3658	mutant
tm3659	mutant
tm3661	mutant
tm3662	mutant
tm3663	mutant
tm3664	mutant
tm3665	mutant
tm3666	mutant
tm3667	mutant
tm3668	mutant
tm3669	mutant
tm3670	mutant
tm3671	mutant
tm3672	mutant
tm3673	mutant
tm3674	mutant
tm3675	mutant
tm3676	mutant
tm3677	mutant
tm3678	mutant
tm3679	mutant
tm3680	mutant
tm3681	mutant
tm3682	mutant
tm3683	mutant
tm3684	mutant
tm3685	mutant
tm3686	mutant
tm3687	mutant
tm3688	mutant
tm3689	mutant
tm3690	mutant
tm3691	mutant
tm3692	mutant
tm3693	mutant
tm3694	mutant
tm3695	mutant
tm3696	mutant
tm3697	mutant
tm3700	mutant
tm3701	mutant
tm3702	mutant
tm3703	mutant
tm3704	mutant
tm3705	mutant
tm3706	mutant
tm3707	mutant
tm3708	mutant
tm3709	mutant
tm3710	mutant
tm3711	mutant
tm3712	mutant
tm3713	mutant
tm3715	mutant
tm3716	mutant
tm3717	mutant
tm3718	mutant
tm3719	mutant
tm3720	mutant
tm3721	mutant
tm3722	mutant
tm3723	mutant
tm3724	mutant
tm3725	mutant
tm3726	mutant
tm3728	mutant
tm3729	mutant
tm3730	mutant
tm3733	mutant
tm3734	mutant
tm3735	mutant
tm3736	mutant
tm3737	mutant
tm3738	mutant
tm3739	mutant
tm3740	mutant
tm3741	mutant
tm3742	mutant
tm3743	mutant
tm3744	mutant
tm3745	mutant
tm3746	mutant
tm3747	mutant
tm3748	mutant
tm3749	mutant
tm3750	mutant
tm3751	mutant
tm3752	mutant
tm3753	mutant
tm3754	mutant
tm3755	mutant
tm3756	mutant
tm3757	mutant
tm3758	mutant
tm3759	mutant
tm3760	mutant
tm3761	mutant
tm3762	mutant
tm3763	mutant
tm3764	mutant
tm3765	mutant
tm3766	mutant
tm3767	mutant
tm3768	mutant
tm3769	mutant
tm3770	mutant
tm3771	mutant
tm3772	mutant
tm3773	mutant
tm3774	mutant
tm3775	mutant
tm3776	mutant
tm3777	mutant
tm3778	mutant
tm3779	mutant
tm3780	mutant
tm3781	mutant
tm3782	mutant
tm3783	mutant
tm3785	mutant
tm3788	mutant
tm3789	mutant
tm3790	mutant
tm3791	mutant
tm3792	mutant
tm3793	mutant
tm3794	mutant
tm3795	mutant
tm3796	mutant
tm3797	mutant
tm3798	mutant
tm3799	mutant
tm3786	mutant
tm3800	mutant
tm3801	mutant
tm3802	mutant
tm3803	mutant
tm3804	mutant
tm3805	mutant
tm3806	mutant
tm3807	mutant
tm3808	mutant
tm3809	mutant
tm3810	mutant
tm3811	mutant
tm3812	mutant
tm3813	mutant
tm3815	mutant
tm3816	mutant
tm3817	mutant
tm3818	mutant
tm3819	mutant
tm3820	mutant
tm3821	mutant
tm3822	mutant
tm3823	mutant
tm3824	mutant
tm3825	mutant
tm3826	mutant
tm3827	mutant
tm3828	mutant
tm3829	mutant
tm3830	mutant
tm3831	mutant
tm3832	mutant
tm3833	mutant
tm3835	mutant
tm3836	mutant
tm3837	mutant
tm3838	mutant
tm3839	mutant
tm3840	mutant
tm3841	mutant
tm3842	mutant
tm3843	mutant
tm3844	mutant
tm3845	mutant
tm3846	mutant
tm3848	mutant
tm3849	mutant
tm3850	mutant
tm3851	mutant
tm3852	mutant
tm3853	mutant
tm3855	mutant
tm3856	mutant
tm3858	mutant
tm3859	mutant
tm3860	mutant
tm3861	mutant
tm3862	mutant
tm3863	mutant
tm3865	mutant
tm3866	mutant
tm3867	mutant
tm3868	mutant
tm3870	mutant
tm3871	mutant
tm3872	mutant
tm3873	mutant
tm3874	mutant
tm3875	mutant
tm3876	mutant
tm3877	mutant
tm3878	mutant
tm3879	mutant
tm3880	mutant
tm3883	mutant
tm3884	mutant
tm3885	mutant
tm3886	mutant
tm3887	mutant
tm3888	mutant
tm3889	mutant
tm3890	mutant
tm3892	mutant
tm3893	mutant
tm3895	mutant
tm3896	mutant
tm3898	mutant
tm3899	mutant
tm3900	mutant
tm3901	mutant
tm3902	mutant
tm3903	mutant
tm3905	mutant
tm3906	mutant
tm3910	mutant
tm3911	mutant
tm3912	mutant
tm3913	mutant
tm3914	mutant
tm3915	mutant
tm3916	mutant
tm3917	mutant
tm3918	mutant
tm3919	mutant
tm3920	mutant
tm3921	mutant
tm3922	mutant
tm3923	mutant
tm3924	mutant
tm3925	mutant
tm3926	mutant
tm3928	mutant
tm3929	mutant
tm3931	mutant
tm3933	mutant
tm3934	mutant
tm3935	mutant
tm3936	mutant
tm3937	mutant
tm3938	mutant
tm3939	mutant
tm3940	mutant
tm3941	mutant
tm3942	mutant
tm3943	mutant
tm3944	mutant
tm3945	mutant
tm3946	mutant
tm3947	mutant
tm3948	mutant
tm3949	mutant
tm3950	mutant
tm3951	mutant
tm3952	mutant
tm3953	mutant
tm3955	mutant
tm3956	mutant
tm3958	mutant
tm3959	mutant
tm3961	mutant
tm3962	mutant
tm3963	mutant
tm3964	mutant
tm3965	mutant
tm3966	mutant
tm3967	mutant
tm3968	mutant
tm3969	mutant
tm3970	mutant
tm3971	mutant
tm3972	mutant
tm3973	mutant
tm3974	mutant
tm3976	mutant
tm3977	mutant
tm3978	mutant
tm3979	mutant
tm3980	mutant
tm3981	mutant
tm3982	mutant
tm3983	mutant
tm3984	mutant
tm3985	mutant
tm3986	mutant
tm3988	mutant
tm3989	mutant
tm3990	mutant
tm3991	mutant
tm3992	mutant
tm3993	mutant
tm3994	mutant
tm3995	mutant
tm3996	mutant
tm3997	mutant
tm3998	mutant
tm4000	mutant
tm4001	mutant
tm4002	mutant
tm4003	mutant
tm4004	mutant
tm4005	mutant
tm4006	mutant
tm4007	mutant
tm4008	mutant
tm4009	mutant
tm4010	mutant
tm4011	mutant
tm4012	mutant
tm4013	mutant
tm4014	mutant
tm4015	mutant
tm4016	mutant
tm4017	mutant
tm4019	mutant
tm4020	mutant
tm4021	mutant
tm4022	mutant
tm4023	mutant
tm4024	mutant
tm4025	mutant
tm4026	mutant
tm4027	mutant
tm4028	mutant
tm4029	mutant
tm4030	mutant
tm4031	mutant
tm4032	mutant
tm4033	mutant
tm4034	mutant
tm4035	mutant
tm4036	mutant
tm4037	mutant
tm4038	mutant
tm4039	mutant
tm4040	mutant
tm4041	mutant
tm4042	mutant
tm4043	mutant
tm4044	mutant
tm4045	mutant
tm4046	mutant
tm4047	mutant
tm4048	mutant
tm4049	mutant
tm4050	mutant
tm4051	mutant
tm4052	mutant
tm4053	mutant
tm4054	mutant
tm4055	mutant
tm4056	mutant
tm4057	mutant
tm4058	mutant
tm4059	mutant
tm4060	mutant
tm4061	mutant
tm4062	mutant
tm4063	mutant
tm4065	mutant
tm4066	mutant
tm4067	mutant
tm4068	mutant
tm4069	mutant
tm4070	mutant
tm4071	mutant
tm4072	mutant
tm4073	mutant
tm4074	mutant
tm4075	mutant
tm4076	mutant
tm4077	mutant
tm4079	mutant
tm4081	mutant
tm4082	mutant
tm4083	mutant
tm4084	mutant
tm4085	mutant
tm4086	mutant
tm4087	mutant
tm4088	mutant
tm4089	mutant
tm4090	mutant
tm4091	mutant
tm4092	mutant
tm4094	mutant
tm4095	mutant
tm4096	mutant
tm4097	mutant
tm4098	mutant
tm4099	mutant
tm4100	mutant
tm4101	mutant
tm4102	mutant
tm4103	mutant
tm4104	mutant
tm4105	mutant
tm4106	mutant
tm4107	mutant
tm4109	mutant
tm4110	mutant
tm4111	mutant
tm4112	mutant
tm4113	mutant
tm4114	mutant
tm4115	mutant
tm4116	mutant
tm4117	mutant
tm4118	mutant
tm4120	mutant
tm4121	mutant
tm4122	mutant
tm4123	mutant
tm4124	mutant
tm4125	mutant
tm4127	mutant
tm4129	mutant
tm4131	mutant
tm4132	mutant
tm4133	mutant
tm4134	mutant
tm4136	mutant
tm4137	mutant
tm4138	mutant
tm4139	mutant
tm4141	mutant
tm4144	mutant
tm4145	mutant
tm4146	mutant
tm4148	mutant
tm4149	mutant
tm4150	mutant
tm4151	mutant
tm4152	mutant
tm4153	mutant
tm4155	mutant
tm4156	mutant
tm4157	mutant
tm4158	mutant
tm4159	mutant
tm4160	mutant
tm4161	mutant
tm4162	mutant
tm4163	mutant
tm4164	mutant
tm4165	mutant
tm4166	mutant
tm4167	mutant
tm4168	mutant
tm4169	mutant
tm4170	mutant
tm4171	mutant
tm4172	mutant
tm4173	mutant
tm4174	mutant
tm4176	mutant
tm4177	mutant
tm4178	mutant
tm4179	mutant
tm4180	mutant
tm4181	mutant
tm4182	mutant
tm4183	mutant
tm4184	mutant
tm4185	mutant
tm4186	mutant
tm4187	mutant
tm4189	mutant
tm4190	mutant
tm4191	mutant
tm4192	mutant
tm4193	mutant
tm4194	mutant
tm4195	mutant
tm4196	mutant
tm4197	mutant
tm4188	mutant
tm4198	mutant
tm4200	mutant
tm4201	mutant
tm4202	mutant
tm4203	mutant
tm4204	mutant
tm4205	mutant
tm4206	mutant
tm4207	mutant
tm4208	mutant
tm4209	mutant
tm4210	mutant
tm4211	mutant
tm4212	mutant
tm4213	mutant
tm4214	mutant
tm4215	mutant
tm4216	mutant
tm4217	mutant
tm4218	mutant
tm4219	mutant
tm4220	mutant
tm4221	mutant
tm4222	mutant
tm4223	mutant
tm4224	mutant
tm4225	mutant
tm4226	mutant
tm4227	mutant
tm4228	mutant
tm4229	mutant
tm4230	mutant
tm4232	mutant
tm4233	mutant
tm4234	mutant
tm4235	mutant
tm4236	mutant
tm4237	mutant
tm4238	mutant
tm4239	mutant
tm4240	mutant
tm4241	mutant
tm4243	mutant
tm4244	mutant
tm4245	mutant
tm4246	mutant
tm4247	mutant
tm4248	mutant
tm4249	mutant
tm4250	mutant
tm4251	mutant
tm4253	mutant
tm4254	mutant
tm4255	mutant
tm4256	mutant
tm4257	mutant
tm4258	mutant
tm4259	mutant
tm4260	mutant
tm4261	mutant
tm4262	mutant
tm4263	mutant
tm4264	mutant
tm4265	mutant
tm4266	mutant
tm4267	mutant
tm4268	mutant
tm4269	mutant
tm4270	mutant
tm4271	mutant
tm4272	mutant
tm4273	mutant
tm4274	mutant
tm4275	mutant
tm4276	mutant
tm4277	mutant
tm4278	mutant
tm4279	mutant
tm4280	mutant
tm4281	mutant
tm4282	mutant
tm4283	mutant
tm4284	mutant
tm4285	mutant
tm4287	mutant
tm4288	mutant
tm4289	mutant
tm4290	mutant
tm4291	mutant
tm4292	mutant
tm4293	mutant
tm4294	mutant
tm4295	mutant
tm4296	mutant
tm4297	mutant
tm4298	mutant
tm4299	mutant
tm4300	mutant
tm4301	mutant
tm4302	mutant
tm4304	mutant
tm4305	mutant
tm4306	mutant
tm4308	mutant
tm4309	mutant
tm4311	mutant
tm4312	mutant
tm4313	mutant
tm4314	mutant
tm4315	mutant
tm4316	mutant
tm4317	mutant
tm4318	mutant
tm4319	mutant
tm4320	mutant
tm4322	mutant
tm4323	mutant
tm4324	mutant
tm4325	mutant
tm4326	mutant
tm4327	mutant
tm4328	mutant
tm4330	mutant
tm4331	mutant
tm4332	mutant
tm4333	mutant
tm4334	mutant
tm4335	mutant
tm4336	mutant
tm4337	mutant
tm4338	mutant
tm4339	mutant
tm4340	mutant
tm4341	mutant
tm4342	mutant
tm4343	mutant
tm4344	mutant
tm4345	mutant
tm4346	mutant
tm4347	mutant
tm4348	mutant
tm4349	mutant
tm4350	mutant
tm4352	mutant
tm4353	mutant
tm4354	mutant
tm4355	mutant
tm4356	mutant
tm4357	mutant
tm4358	mutant
tm4359	mutant
tm4360	mutant
tm4362	mutant
tm4363	mutant
tm4364	mutant
tm4366	mutant
tm4367	mutant
tm4368	mutant
tm4369	mutant
tm4370	mutant
tm4371	mutant
tm4372	mutant
tm4373	mutant
tm4374	mutant
tm4375	mutant
tm4376	mutant
tm4377	mutant
tm4378	mutant
tm4379	mutant
tm4380	mutant
tm4381	mutant
tm4382	mutant
tm4383	mutant
tm4384	mutant
tm4385	mutant
tm4386	mutant
tm4387	mutant
tm4388	mutant
tm4389	mutant
tm4390	mutant
tm4391	mutant
tm4392	mutant
tm4393	mutant
tm4394	mutant
tm4395	mutant
tm4396	mutant
tm4397	mutant
tm4398	mutant
tm4399	mutant
tm4400	mutant
tm4401	mutant
tm4402	mutant
tm4403	mutant
tm4404	mutant
tm4405	mutant
tm4406	mutant
tm4407	mutant
tm4408	mutant
tm4409	mutant
tm4410	mutant
tm4411	mutant
tm4412	mutant
tm4413	mutant
tm4414	mutant
tm4417	mutant
tm4418	mutant
tm4419	mutant
tm4420	mutant
tm4421	mutant
tm4422	mutant
tm4423	mutant
tm4424	mutant
tm4425	mutant
tm4426	mutant
tm4427	mutant
tm4428	mutant
tm4429	mutant
tm4430	mutant
tm4431	mutant
tm4432	mutant
tm4433	mutant
tm4436	mutant
tm4437	mutant
tm4438	mutant
tm4439	mutant
tm4440	mutant
tm4441	mutant
tm4442	mutant
tm4443	mutant
tm4444	mutant
tm4445	mutant
tm4446	mutant
tm4447	mutant
tm4448	mutant
tm4449	mutant
tm4450	mutant
tm4451	mutant
tm4452	mutant
tm4453	mutant
tm4454	mutant
tm4455	mutant
tm4456	mutant
tm4457	mutant
tm4458	mutant
tm4459	mutant
tm4460	mutant
tm4461	mutant
tm4462	mutant
tm4463	mutant
tm4464	mutant
tm4465	mutant
tm4467	mutant
tm4468	mutant
tm4469	mutant
tm4470	mutant
tm4471	mutant
tm4472	mutant
tm4473	mutant
tm4474	mutant
tm4475	mutant
tm4476	mutant
tm4477	mutant
tm4478	mutant
tm4479	mutant
tm4480	mutant
tm4481	mutant
tm4482	mutant
tm4483	mutant
tm4484	mutant
tm4485	mutant
tm4486	mutant
tm4488	mutant
tm4489	mutant
tm4490	mutant
tm4491	mutant
tm4492	mutant
tm4493	mutant
tm4494	mutant
tm4495	mutant
tm4496	mutant
tm4497	mutant
tm4498	mutant
tm4499	mutant
tm4500	mutant
tm4502	mutant
tm4503	mutant
tm4504	mutant
tm4506	mutant
tm4507	mutant
tm4508	mutant
tm4509	mutant
tm4510	mutant
tm4511	mutant
tm4512	mutant
tm4513	mutant
tm4514	mutant
tm4515	mutant
tm4516	mutant
tm4517	mutant
tm4518	mutant
tm4519	mutant
tm4520	mutant
tm4521	mutant
tm4522	mutant
tm4523	mutant
tm4524	mutant
tm4525	mutant
tm4526	mutant
tm4527	mutant
tm4528	mutant
tm4529	mutant
tm4531	mutant
tm4532	mutant
tm4533	mutant
tm4534	mutant
tm4535	mutant
tm4536	mutant
tm4538	mutant
tm4539	mutant
tm4541	mutant
tm4542	mutant
tm4543	mutant
tm4544	mutant
tm4545	mutant
tm4546	mutant
tm4547	mutant
tm4548	mutant
tm4549	mutant
tm4550	mutant
tm4551	mutant
tm4552	mutant
tm4553	mutant
tm4554	mutant
tm4555	mutant
tm4556	mutant
tm4557	mutant
tm4558	mutant
tm4559	mutant
tm4560	mutant
tm4561	mutant
tm4562	mutant
tm4563	mutant
tm4564	mutant
tm4565	mutant
tm4566	mutant
tm4567	mutant
tm4568	mutant
tm4569	mutant
tm4571	mutant
tm4572	mutant
tm4573	mutant
tm4574	mutant
tm4575	mutant
tm4576	mutant
tm4578	mutant
tm4580	mutant
tm4581	mutant
tm4582	mutant
tm4583	mutant
tm4584	mutant
tm4585	mutant
tm4586	mutant
tm4587	mutant
tm4588	mutant
tm4589	mutant
tm4590	mutant
tm4591	mutant
tm4593	mutant
tm4594	mutant
tm4595	mutant
tm4596	mutant
tm4597	mutant
tm4598	mutant
tm4599	mutant
tm4600	mutant
tm4601	mutant
tm4602	mutant
tm4603	mutant
tm4604	mutant
tm4606	mutant
tm4607	mutant
tm4608	mutant
tm4609	mutant
tm4610	mutant
tm4611	mutant
tm4612	mutant
tm4613	mutant
tm4614	mutant
tm4615	mutant
tm4616	mutant
tm4617	mutant
tm4618	mutant
tm4619	mutant
tm4620	mutant
tm4622	mutant
tm4623	mutant
tm4624	mutant
tm4625	mutant
tm4626	mutant
tm4627	mutant
tm4628	mutant
tm4629	mutant
tm4630	mutant
tm4631	mutant
tm4634	mutant
tm4636	mutant
tm4637	mutant
tm4638	mutant
tm4639	mutant
tm4640	mutant
tm4641	mutant
tm4642	mutant
tm4643	mutant
tm4645	mutant
tm4646	mutant
tm4648	mutant
tm4649	mutant
tm4650	mutant
tm4651	mutant
tm4652	mutant
tm4653	mutant
tm4654	mutant
tm4655	mutant
tm4656	mutant
tm4657	mutant
tm4658	mutant
tm4659	mutant
tm4660	mutant
tm4661	mutant
tm4662	mutant
tm4663	mutant
tm4664	mutant
tm4665	mutant
tm4666	mutant
tm4667	mutant
tm4668	mutant
tm4669	mutant
tm4670	mutant
tm4671	mutant
tm4672	mutant
tm4673	mutant
tm4674	mutant
tm4675	mutant
tm4676	mutant
tm4677	mutant
tm4678	mutant
tm4679	mutant
tm4680	mutant
tm4681	mutant
tm4682	mutant
tm4683	mutant
tm4684	mutant
tm4685	mutant
tm4686	mutant
tm4687	mutant
tm4688	mutant
tm4689	mutant
tm4691	mutant
tm4692	mutant
tm4694	mutant
tm4695	mutant
tm4696	mutant
tm4697	mutant
tm4698	mutant
tm4699	mutant
tm4700	mutant
tm4701	mutant
tm4702	mutant
tm4704	mutant
tm4705	mutant
tm4706	mutant
tm4707	mutant
tm4708	mutant
tm4709	mutant
tm4710	mutant
tm4711	mutant
tm4712	mutant
tm4713	mutant
tm4714	mutant
tm4716	mutant
tm4717	mutant
tm4718	mutant
tm4719	mutant
tm4720	mutant
tm4721	mutant
tm4724	mutant
tm4725	mutant
tm4726	mutant
tm4727	mutant
tm4728	mutant
tm4729	mutant
tm4730	mutant
tm4731	mutant
tm4732	mutant
tm4733	mutant
tm4734	mutant
tm4735	mutant
tm4736	mutant
tm4737	mutant
tm4738	mutant
tm4739	mutant
tm4740	mutant
tm4741	mutant
tm4742	mutant
tm4743	mutant
tm4744	mutant
tm4745	mutant
tm4746	mutant
tm4747	mutant
tm4748	mutant
tm4749	mutant
tm4750	mutant
tm4752	mutant
tm4753	mutant
tm4754	mutant
tm4755	mutant
tm4756	mutant
tm4757	mutant
tm4758	mutant
tm4759	mutant
tm4760	mutant
tm4761	mutant
tm4762	mutant
tm4763	mutant
tm4764	mutant
tm4765	mutant
tm4766	mutant
tm4767	mutant
tm4768	mutant
tm4769	mutant
tm4770	mutant
tm4772	mutant
tm4773	mutant
tm4774	mutant
tm4775	mutant
tm4776	mutant
tm4777	mutant
tm4778	mutant
tm4779	mutant
tm4780	mutant
tm4781	mutant
tm4782	mutant
tm4783	mutant
tm4784	mutant
tm4785	mutant
tm4786	mutant
tm4787	mutant
tm4788	mutant
tm4790	mutant
tm4791	mutant
tm4792	mutant
tm4793	mutant
tm4794	mutant
tm4795	mutant
tm4796	mutant
tm4797	mutant
tm4798	mutant
tm4800	mutant
tm4802	mutant
tm4803	mutant
tm4804	mutant
tm4806	mutant
tm4807	mutant
tm4808	mutant
tm4809	mutant
tm4810	mutant
tm4811	mutant
tm4812	mutant
tm4813	mutant
tm4814	mutant
tm4815	mutant
tm4816	mutant
tm4817	mutant
tm4818	mutant
tm4819	mutant
tm4820	mutant
tm4821	mutant
tm4822	mutant
tm4823	mutant
tm4824	mutant
tm4825	mutant
tm4826	mutant
tm4827	mutant
tm4828	mutant
tm4829	mutant
tm4830	mutant
tm4831	mutant
tm4832	mutant
tm4833	mutant
tm4834	mutant
tm4835	mutant
tm4836	mutant
tm4837	mutant
tm4839	mutant
tm4840	mutant
tm4841	mutant
tm4842	mutant
tm4843	mutant
tm4844	mutant
tm4845	mutant
tm4846	mutant
tm4847	mutant
tm4848	mutant
tm4849	mutant
tm4850	mutant
tm4851	mutant
tm4852	mutant
tm4853	mutant
tm4854	mutant
tm4855	mutant
tm4856	mutant
tm4857	mutant
tm4858	mutant
tm4859	mutant
tm4860	mutant
tm4861	mutant
tm4862	mutant
tm4863	mutant
tm4864	mutant
tm4865	mutant
tm4866	mutant
tm4867	mutant
tm4868	mutant
tm4869	mutant
tm4870	mutant
tm4871	mutant
tm4872	mutant
tm4873	mutant
tm4875	mutant
tm4876	mutant
tm4877	mutant
tm4878	mutant
tm4879	mutant
tm4880	mutant
tm4881	mutant
tm4882	mutant
tm4883	mutant
tm4884	mutant
tm4885	mutant
tm4886	mutant
tm4887	mutant
tm4888	mutant
tm4889	mutant
tm4890	mutant
tm4892	mutant
tm4894	mutant
tm4895	mutant
tm4896	mutant
tm4897	mutant
tm4898	mutant
tm4899	mutant
tm4900	mutant
tm4901	mutant
tm4902	mutant
tm4903	mutant
tm4905	mutant
tm4906	mutant
tm4907	mutant
tm4909	mutant
tm4908	mutant
tm4910	mutant
tm4911	mutant
tm4913	mutant
tm4914	mutant
tm4915	mutant
tm4916	mutant
tm4917	mutant
tm4918	mutant
tm4919	mutant
tm4924	mutant
tm4921	mutant
tm4922	mutant
tm4923	mutant
tm4920	mutant
tm4925	mutant
tm4926	mutant
tm4927	mutant
tm4928	mutant
tm4929	mutant
tm4930	mutant
tm4931	mutant
tm4932	mutant
tm4933	mutant
tm4934	mutant
tm4935	mutant
tm4936	mutant
tm4937	mutant
tm4938	mutant
tm4939	mutant
tm4940	mutant
tm4941	mutant
tm4942	mutant
tm4943	mutant
tm4944	mutant
tm4945	mutant
tm4946	mutant
tm4947	mutant
tm4948	mutant
tm4949	mutant
tm4950	mutant
tm4951	mutant
tm4952	mutant
tm4953	mutant
tm4954	mutant
tm4955	mutant
tm4956	mutant
tm4957	mutant
tm4958	mutant
tm4959	mutant
tm4960	mutant
tm4961	mutant
tm4962	mutant
tm4963	mutant
tm4964	mutant
tm4965	mutant
tm4966	mutant
tm4967	mutant
tm4968	mutant
tm4969	mutant
tm4970	mutant
tm4971	mutant
tm4972	mutant
tm4973	mutant
tm4974	mutant
tm4975	mutant
tm4976	mutant
tm4977	mutant
tm4978	mutant
tm4980	mutant
tm4981	mutant
tm4982	mutant
tm4983	mutant
tm4984	mutant
tm4985	mutant
tm4986	mutant
tm4987	mutant
tm4988	mutant
tm4989	mutant
tm4990	mutant
tm4991	mutant
tm4993	mutant
tm4994	mutant
tm4995	mutant
tm4996	mutant
tm4997	mutant
tm4998	mutant
tm4999	mutant
tm5000	mutant
tm5001	mutant
tm5002	mutant
tm5003	mutant
tm5004	mutant
tm5005	mutant
tm5006	mutant
tm5007	mutant
tm5008	mutant
tm5009	mutant
tm5010	mutant
tm5011	mutant
tm5012	mutant
tm5013	mutant
tm5014	mutant
tm5015	mutant
tm5016	mutant
tm5017	mutant
tm5018	mutant
tm5019	mutant
tm5020	mutant
tm5021	mutant
tm5022	mutant
tm5023	mutant
tm5024	mutant
tm5025	mutant
tm5026	mutant
tm5027	mutant
tm5028	mutant
tm5029	mutant
tm5030	mutant
tm5031	mutant
tm5032	mutant
tm5033	mutant
tm5034	mutant
tm5035	mutant
tm5036	mutant
tm5037	mutant
tm5038	mutant
tm5039	mutant
tm5040	mutant
tm5041	mutant
tm5042	mutant
tm5043	mutant
tm5044	mutant
tm5045	mutant
tm5046	mutant
tm5047	mutant
tm5048	mutant
tm5049	mutant
tm5050	mutant
tm5051	mutant
tm5052	mutant
tm5053	mutant
tm5054	mutant
tm5055	mutant
tm5056	mutant
tm5057	mutant
tm5058	mutant
tm5059	mutant
tm5060	mutant
tm5061	mutant
tm5062	mutant
tm5063	mutant
tm5064	mutant
tm5065	mutant
tm5066	mutant
tm5067	mutant
tm5068	mutant
tm5069	mutant
tm5070	mutant
tm5071	mutant
tm5073	mutant
tm5074	mutant
tm5075	mutant
tm5076	mutant
tm5077	mutant
tm5078	mutant
tm5079	mutant
tm5080	mutant
tm5081	mutant
tm5082	mutant
tm5083	mutant
tm5084	mutant
tm5085	mutant
tm5086	mutant
tm5087	mutant
tm5088	mutant
tm5089	mutant
tm5090	mutant
tm5091	mutant
tm5092	mutant
tm5093	mutant
tm5094	mutant
tm5095	mutant
tm5096	mutant
tm5097	mutant
tm5098	mutant
tm5099	mutant
tm5100	mutant
tm5101	mutant
tm5102	mutant
tm5104	mutant
tm5105	mutant
tm5106	mutant
tm5107	mutant
tm5108	mutant
tm5110	mutant
tm5111	mutant
tm5113	mutant
tm5114	mutant
tm5115	mutant
tm5116	mutant
tm5117	mutant
tm5118	mutant
tm5119	mutant
tm5120	mutant
tm5121	mutant
tm5122	mutant
tm5123	mutant
tm5124	mutant
tm5125	mutant
tm5126	mutant
tm5127	mutant
tm5128	mutant
tm5129	mutant
tm5130	mutant
tm5132	mutant
tm5133	mutant
tm5134	mutant
tm5135	mutant
tm5136	mutant
tm5137	mutant
tm5138	mutant
tm5139	mutant
tm5140	mutant
tm5141	mutant
tm5142	mutant
tm5143	mutant
tm5144	mutant
tm5145	mutant
tm5146	mutant
tm5147	mutant
tm5148	mutant
tm5149	mutant
tm5150	mutant
tm5151	mutant
tm5152	mutant
tm5153	mutant
tm5154	mutant
tm5155	mutant
tm5156	mutant
tm5157	mutant
tm5158	mutant
tm5159	mutant
tm5160	mutant
tm5161	mutant
tm5162	mutant
tm5163	mutant
tm5164	mutant
tm5165	mutant
tm5166	mutant
tm5167	mutant
tm5168	mutant
tm5169	mutant
tm5170	mutant
tm5171	mutant
tm5172	mutant
tm5173	mutant
tm5174	mutant
tm5175	mutant
tm5176	mutant
tm5177	mutant
tm5178	mutant
tm5179	mutant
tm5180	mutant
tm5181	mutant
tm5182	mutant
tm5183	mutant
tm5184	mutant
tm5185	mutant
tm5186	mutant
tm5187	mutant
tm5188	mutant
tm5189	mutant
tm5190	mutant
tm5191	mutant
tm5192	mutant
tm5193	mutant
tm5194	mutant
tm5195	mutant
tm5196	mutant
tm5197	mutant
tm5198	mutant
tm5199	mutant
tm5200	mutant
tm5201	mutant
tm5202	mutant
tm5203	mutant
tm5205	mutant
tm5206	mutant
tm5207	mutant
tm5208	mutant
tm5209	mutant
tm5210	mutant
tm5211	mutant
tm5212	mutant
tm5213	mutant
tm5214	mutant
tm5216	mutant
tm5217	mutant
tm5218	mutant
tm5219	mutant
tm5220	mutant
tm5221	mutant
tm5222	mutant
tm5223	mutant
tm5224	mutant
tm5225	mutant
tm5226	mutant
tm5227	mutant
tm5228	mutant
tm5229	mutant
tm5230	mutant
tm5231	mutant
tm5232	mutant
tm5233	mutant
tm5234	mutant
tm5235	mutant
tm5236	mutant
tm5237	mutant
tm5238	mutant
tm5239	mutant
tm5240	mutant
tm5242	mutant
tm5244	mutant
tm5245	mutant
tm5248	mutant
tm5249	mutant
tm5250	mutant
tm5251	mutant
tm5252	mutant
tm5253	mutant
tm5254	mutant
tm5255	mutant
tm5256	mutant
tm5257	mutant
tm5258	mutant
tm5259	mutant
tm5260	mutant
tm5261	mutant
tm5262	mutant
tm5263	mutant
tm5264	mutant
tm5265	mutant
tm5266	mutant
tm5267	mutant
tm5268	mutant
tm5269	mutant
tm5270	mutant
tm5271	mutant
tm5272	mutant
tm5273	mutant
tm5274	mutant
tm5275	mutant
tm5276	mutant
tm5278	mutant
tm5279	mutant
tm5280	mutant
tm5282	mutant
tm5283	mutant
tm5284	mutant
tm5285	mutant
tm5286	mutant
tm5287	mutant
tm5288	mutant
tm5289	mutant
tm5290	mutant
tm5291	mutant
tm5292	mutant
tm5293	mutant
tm5294	mutant
tm5295	mutant
tm5296	mutant
tm5297	mutant
tm5298	mutant
tm5299	mutant
tm5300	mutant
tm5301	mutant
tm5302	mutant
tm5303	mutant
tm5304	mutant
tm5305	mutant
tm5306	mutant
tm5307	mutant
tm5308	mutant
tm5309	mutant
tm5310	mutant
tm5311	mutant
tm5312	mutant
tm5313	mutant
tm5314	mutant
tm5315	mutant
tm5316	mutant
tm5319	mutant
tm5320	mutant
tm5321	mutant
tm5322	mutant
tm5323	mutant
tm5324	mutant
tm5325	mutant
tm5326	mutant
tm5327	mutant
tm5328	mutant
tm5329	mutant
tm5330	mutant
tm5331	mutant
tm5332	mutant
tm5333	mutant
tm5334	mutant
tm5335	mutant
tm5336	mutant
tm5337	mutant
tm5338	mutant
tm5339	mutant
tm5340	mutant
tm5341	mutant
tm5342	mutant
tm5344	mutant
tm5345	mutant
tm5346	mutant
tm5347	mutant
tm5348	mutant
tm5349	mutant
tm5350	mutant
tm5351	mutant
tm5352	mutant
tm5353	mutant
tm5354	mutant
tm5355	mutant
tm5356	mutant
tm5358	mutant
tm5359	mutant
tm5360	mutant
tm5361	mutant
tm5362	mutant
tm5363	mutant
tm5364	mutant
tm5365	mutant
tm5366	mutant
tm5367	mutant
tm5368	mutant
tm5369	mutant
tm5370	mutant
tm5371	mutant
tm5372	mutant
tm5373	mutant
tm5374	mutant
tm5375	mutant
tm5376	mutant
tm5377	mutant
tm5378	mutant
tm5379	mutant
tm5380	mutant
tm5381	mutant
tm5382	mutant
tm5383	mutant
tm5384	mutant
tm5385	mutant
tm5387	mutant
tm5389	mutant
tm5390	mutant
tm5391	mutant
tm5392	mutant
tm5393	mutant
tm5394	mutant
tm5395	mutant
tm5396	mutant
tm5397	mutant
tm5398	mutant
tm5400	mutant
tm5401	mutant
tm5402	mutant
tm5403	mutant
tm5404	mutant
tm5405	mutant
tm5407	mutant
tm5408	mutant
tm5409	mutant
tm5410	mutant
tm5411	mutant
tm5412	mutant
tm5413	mutant
tm5414	mutant
tm5415	mutant
tm5416	mutant
tm5417	mutant
tm5418	mutant
tm5419	mutant
tm5420	mutant
tm5421	mutant
tm5422	mutant
tm5423	mutant
tm5424	mutant
tm5425	mutant
tm5426	mutant
tm5399	mutant
tm5428	mutant
tm5430	mutant
tm5431	mutant
tm5432	mutant
tm5433	mutant
tm5434	mutant
tm5435	mutant
tm5436	mutant
tm5437	mutant
tm5438	mutant
tm5439	mutant
tm5440	mutant
tm5441	mutant
tm5442	mutant
tm5443	mutant
tm5444	mutant
tm5445	mutant
tm5446	mutant
tm5447	mutant
tm5448	mutant
tm5449	mutant
tm5450	mutant
tm5451	mutant
tm5452	mutant
tm5453	mutant
tm5454	mutant
tm5455	mutant
tm5456	mutant
tm5457	mutant
tm5458	mutant
tm5459	mutant
tm5460	mutant
tm5461	mutant
tm5462	mutant
tm5463	mutant
tm5464	mutant
tm5466	mutant
tm5467	mutant
tm5468	mutant
tm5469	mutant
tm5470	mutant
tm5471	mutant
tm5472	mutant
tm5473	mutant
tm5474	mutant
tm5475	mutant
tm5476	mutant
tm5477	mutant
tm5479	mutant
tm5480	mutant
tm5481	mutant
tm5482	mutant
tm5483	mutant
tm5484	mutant
tm5485	mutant
tm5486	mutant
tm5487	mutant
tm5488	mutant
tm5489	mutant
tm5490	mutant
tm5491	mutant
tm5492	mutant
tm5493	mutant
tm5494	mutant
tm5495	mutant
tm5496	mutant
tm5497	mutant
tm5498	mutant
tm5499	mutant
tm5500	mutant
tm5501	mutant
tm5502	mutant
tm5503	mutant
tm5504	mutant
tm5505	mutant
tm5506	mutant
tm5507	mutant
tm5508	mutant
tm5509	mutant
tm5510	mutant
tm5511	mutant
tm5512	mutant
tm5513	mutant
tm5514	mutant
tm5515	mutant
tm5516	mutant
tm5517	mutant
tm5518	mutant
tm5519	mutant
tm5520	mutant
tm5521	mutant
tm5522	mutant
tm5523	mutant
tm5524	mutant
tm5525	mutant
tm5526	mutant
tm5527	mutant
tm5529	mutant
tm5530	mutant
tm5531	mutant
tm5532	mutant
tm5533	mutant
tm5534	mutant
tm5535	mutant
tm5536	mutant
tm5537	mutant
tm5538	mutant
tm5539	mutant
tm5540	mutant
tm5541	mutant
tm5542	mutant
tm5543	mutant
tm5544	mutant
tm5545	mutant
tm5546	mutant
tm5547	mutant
tm5548	mutant
tm5549	mutant
tm5550	mutant
tm5551	mutant
tm5552	mutant
tm5554	mutant
tm5555	mutant
tm5556	mutant
tm5557	mutant
tm5558	mutant
tm5559	mutant
tm5560	mutant
tm5562	mutant
tm5563	mutant
tm5564	mutant
tm5565	mutant
tm5566	mutant
tm5567	mutant
tm5568	mutant
tm5569	mutant
tm5570	mutant
tm5572	mutant
tm5573	mutant
tm5574	mutant
tm5575	mutant
tm5576	mutant
tm5577	mutant
tm5578	mutant
tm5579	mutant
tm5580	mutant
tm5581	mutant
tm5582	mutant
tm5583	mutant
tm5584	mutant
tm5585	mutant
tm5586	mutant
tm5587	mutant
tm5588	mutant
tm5589	mutant
tm5590	mutant
tm5591	mutant
tm5592	mutant
tm5593	mutant
tm5595	mutant
tm5596	mutant
tm5597	mutant
tm5598	mutant
tm5599	mutant
tm5600	mutant
tm5601	mutant
tm5602	mutant
tm5603	mutant
tm5604	mutant
tm5605	mutant
tm5606	mutant
tm5607	mutant
tm5608	mutant
tm5609	mutant
tm5610	mutant
tm5611	mutant
tm5612	mutant
tm5613	mutant
tm5614	mutant
tm5615	mutant
tm5616	mutant
tm5617	mutant
tm5618	mutant
tm5619	mutant
tm5620	mutant
tm5621	mutant
tm5622	mutant
tm5623	mutant
tm5624	mutant
tm5625	mutant
tm5626	mutant
tm5627	mutant
tm5628	mutant
tm5629	mutant
tm5631	mutant
tm5632	mutant
tm5633	mutant
tm5634	mutant
tm5635	mutant
tm5636	mutant
tm5637	mutant
tm5638	mutant
tm5639	mutant
tm5640	mutant
tm5641	mutant
tm5642	mutant
tm5643	mutant
tm5644	mutant
tm5645	mutant
tm5646	mutant
tm5647	mutant
tm5648	mutant
tm5649	mutant
tm5650	mutant
tm5651	mutant
tm5652	mutant
tm5653	mutant
tm5654	mutant
tm5655	mutant
tm5656	mutant
tm5657	mutant
tm5658	mutant
tm5659	mutant
tm5660	mutant
tm5661	mutant
tm5662	mutant
tm5663	mutant
tm5664	mutant
tm5665	mutant
tm5666	mutant
tm5667	mutant
tm5668	mutant
tm5669	mutant
tm5670	mutant
tm5671	mutant
tm5672	mutant
tm5673	mutant
tm5674	mutant
tm5675	mutant
tm5676	mutant
tm5677	mutant
tm5678	mutant
tm5679	mutant
tm5680	mutant
tm5681	mutant
tm5682	mutant
tm5683	mutant
tm5684	mutant
tm5685	mutant
tm5687	mutant
tm5688	mutant
tm5689	mutant
tm5690	mutant
tm5691	mutant
tm5692	mutant
tm5693	mutant
tm5694	mutant
tm5696	mutant
tm5697	mutant
tm5698	mutant
tm5699	mutant
tm5701	mutant
tm5702	mutant
tm5703	mutant
tm5704	mutant
tm5705	mutant
tm5706	mutant
tm5707	mutant
tm5708	mutant
tm5709	mutant
tm5710	mutant
tm5711	mutant
tm5712	mutant
tm5713	mutant
tm5714	mutant
tm5715	mutant
tm5717	mutant
tm5718	mutant
tm5719	mutant
tm5720	mutant
tm5721	mutant
tm5722	mutant
tm5723	mutant
tm5724	mutant
tm5725	mutant
tm5726	mutant
tm5727	mutant
tm5728	mutant
tm5729	mutant
tm5730	mutant
tm5731	mutant
tm5732	mutant
tm5733	mutant
tm5734	mutant
tm5735	mutant
tm5736	mutant
tm5737	mutant
tm5738	mutant
tm5739	mutant
tm5740	mutant
tm5741	mutant
tm5743	mutant
tm5744	mutant
tm5745	mutant
tm5746	mutant
tm5747	mutant
tm5748	mutant
tm5749	mutant
tm5750	mutant
tm5751	mutant
tm5752	mutant
tm5753	mutant
tm5754	mutant
tm5755	mutant
tm5756	mutant
tm5757	mutant
tm5758	mutant
tm5759	mutant
tm5760	mutant
tm5761	mutant
tm5762	mutant
tm5764	mutant
tm5765	mutant
tm5766	mutant
tm5767	mutant
tm5768	mutant
tm5769	mutant
tm5770	mutant
tm5771	mutant
tm5772	mutant
tm5773	mutant
tm5774	mutant
tm5775	mutant
tm5776	mutant
tm5777	mutant
tm5778	mutant
tm5779	mutant
tm5781	mutant
tm5782	mutant
tm5783	mutant
tm5784	mutant
tm5785	mutant
tm5786	mutant
tm5787	mutant
tm5788	mutant
tm5789	mutant
tm5790	mutant
tm5791	mutant
tm5792	mutant
tm5793	mutant
tm5795	mutant
tm5796	mutant
tm5797	mutant
tm5798	mutant
tm5799	mutant
tm5800	mutant
tm5801	mutant
tm5802	mutant
tm5803	mutant
tm5804	mutant
tm5805	mutant
tm5806	mutant
tm5807	mutant
tm5808	mutant
tm5809	mutant
tm5810	mutant
tm5811	mutant
tm5812	mutant
tm5813	mutant
tm5814	mutant
tm5815	mutant
tm5816	mutant
tm5817	mutant
tm5818	mutant
tm5819	mutant
tm5820	mutant
tm5821	mutant
tm5822	mutant
tm5823	mutant
tm5824	mutant
tm5825	mutant
tm5826	mutant
tm5827	mutant
tm5828	mutant
tm5829	mutant
tm5830	mutant
tm5831	mutant
tm5832	mutant
tm5833	mutant
tm5834	mutant
tm5835	mutant
tm5836	mutant
tm5837	mutant
tm5838	mutant
tm5840	mutant
tm5841	mutant
tm5842	mutant
tm5843	mutant
tm5844	mutant
tm5845	mutant
tm5846	mutant
tm5847	mutant
tm5848	mutant
tm5849	mutant
tm5850	mutant
tm5851	mutant
tm5852	mutant
tm5853	mutant
tm5854	mutant
tm5855	mutant
tm5856	mutant
tm5857	mutant
tm5858	mutant
tm5859	mutant
tm5860	mutant
tm5861	mutant
tm5862	mutant
tm5863	mutant
tm5864	mutant
tm5865	mutant
tm5866	mutant
tm5867	mutant
tm5868	mutant
tm5869	mutant
tm5870	mutant
tm5871	mutant
tm5872	mutant
tm5873	mutant
tm5874	mutant
tm5875	mutant
tm5877	mutant
tm5878	mutant
tm5879	mutant
tm5880	mutant
tm5881	mutant
tm5882	mutant
tm5883	mutant
tm5884	mutant
tm5885	mutant
tm5886	mutant
tm5887	mutant
tm5888	mutant
tm5889	mutant
tm5890	mutant
tm5891	mutant
tm5892	mutant
tm5893	mutant
tm5894	mutant
tm5895	mutant
tm5898	mutant
tm5899	mutant
tm5900	mutant
tm5901	mutant
tm5896	mutant
tm5902	mutant
tm5904	mutant
tm5905	mutant
tm5906	mutant
tm5907	mutant
tm5908	mutant
tm5909	mutant
tm5910	mutant
tm5912	mutant
tm5913	mutant
tm5914	mutant
tm5915	mutant
tm5916	mutant
tm5917	mutant
tm5918	mutant
tm5919	mutant
tm5920	mutant
tm5921	mutant
tm5922	mutant
tm5923	mutant
tm5924	mutant
tm5925	mutant
tm5926	mutant
tm5927	mutant
tm5928	mutant
tm5929	mutant
tm5930	mutant
tm5931	mutant
tm5932	mutant
tm5933	mutant
tm5934	mutant
tm5935	mutant
tm5937	mutant
tm5938	mutant
tm5939	mutant
tm5940	mutant
tm5941	mutant
tm5942	mutant
tm5943	mutant
tm5944	mutant
tm5947	mutant
tm5948	mutant
tm5949	mutant
tm5950	mutant
tm5951	mutant
tm5952	mutant
tm5953	mutant
tm5954	mutant
tm5955	mutant
tm5956	mutant
tm5957	mutant
tm5958	mutant
tm5959	mutant
tm5960	mutant
tm5961	mutant
tm5962	mutant
tm5963	mutant
tm5964	mutant
tm5965	mutant
tm5966	mutant
tm5967	mutant
tm5968	mutant
tm5970	mutant
tm5971	mutant
tm5972	mutant
tm5974	mutant
tm5975	mutant
tm5976	mutant
tm5977	mutant
tm5978	mutant
tm5979	mutant
tm5980	mutant
tm5981	mutant
tm5982	mutant
tm5983	mutant
tm5984	mutant
tm5985	mutant
tm5986	mutant
tm5987	mutant
tm5988	mutant
tm5990	mutant
tm5991	mutant
tm5992	mutant
tm5993	mutant
tm5995	mutant
tm5996	mutant
tm5997	mutant
tm5998	mutant
tm5999	mutant
tm6000	mutant
tm6002	mutant
tm6004	mutant
tm6006	mutant
tm6007	mutant
tm6008	mutant
tm6009	mutant
tm6010	mutant
tm6011	mutant
tm6013	mutant
tm6014	mutant
tm6015	mutant
tm6016	mutant
tm6017	mutant
tm6018	mutant
tm6019	mutant
tm6020	mutant
tm6021	mutant
tm6022	mutant
tm6023	mutant
tm6024	mutant
tm6025	mutant
tm6026	mutant
tm6027	mutant
tm6028	mutant
tm6029	mutant
tm6030	mutant
tm6031	mutant
tm6032	mutant
tm6034	mutant
tm6035	mutant
tm6036	mutant
tm6037	mutant
tm6038	mutant
tm6039	mutant
tm6040	mutant
tm6041	mutant
tm6042	mutant
tm6044	mutant
tm6045	mutant
tm6046	mutant
tm6047	mutant
tm6048	mutant
tm6049	mutant
tm6051	mutant
tm6052	mutant
tm6053	mutant
tm6054	mutant
tm6055	mutant
tm6056	mutant
tm6057	mutant
tm6058	mutant
tm6059	mutant
tm6060	mutant
tm6061	mutant
tm6062	mutant
tm6063	mutant
tm6064	mutant
tm6065	mutant
tm6066	mutant
tm6067	mutant
tm6068	mutant
tm6069	mutant
tm6070	mutant
tm6071	mutant
tm6072	mutant
tm6073	mutant
tm6074	mutant
tm6075	mutant
tm6077	mutant
tm6078	mutant
tm6079	mutant
tm6080	mutant
tm6081	mutant
tm6082	mutant
tm6083	mutant
tm6084	mutant
tm6085	mutant
tm6086	mutant
tm6087	mutant
tm6088	mutant
tm6089	mutant
tm6091	mutant
tm6092	mutant
tm6093	mutant
tm6094	mutant
tm6095	mutant
tm6096	mutant
tm6098	mutant
tm6099	mutant
tm6100	mutant
tm6101	mutant
tm6102	mutant
tm6103	mutant
tm6104	mutant
tm6105	mutant
tm6106	mutant
tm6107	mutant
tm6108	mutant
tm6109	mutant
tm6110	mutant
tm6111	mutant
tm6112	mutant
tm6113	mutant
tm6114	mutant
tm6115	mutant
tm6117	mutant
tm6118	mutant
tm6119	mutant
tm6120	mutant
tm6121	mutant
tm6122	mutant
tm6123	mutant
tm6124	mutant
tm6125	mutant
tm6126	mutant
tm6127	mutant
tm6128	mutant
tm6129	mutant
tm6130	mutant
tm6131	mutant
tm6132	mutant
tm6133	mutant
tm6134	mutant
tm6135	mutant
tm6136	mutant
tm6137	mutant
tm6138	mutant
tm6139	mutant
tm6140	mutant
tm6141	mutant
tm6142	mutant
tm6143	mutant
tm6144	mutant
tm6145	mutant
tm6146	mutant
tm6147	mutant
tm6148	mutant
tm6149	mutant
tm6150	mutant
tm6151	mutant
tm6152	mutant
tm6154	mutant
tm6155	mutant
tm6156	mutant
tm6157	mutant
tm6158	mutant
tm6159	mutant
tm6160	mutant
tm6162	mutant
tm6163	mutant
tm6164	mutant
tm6165	mutant
tm6166	mutant
tm6167	mutant
tm6168	mutant
tm6169	mutant
tm6170	mutant
tm6171	mutant
tm6172	mutant
tm6173	mutant
tm6174	mutant
tm6175	mutant
tm6176	mutant
tm6177	mutant
tm6178	mutant
tm6179	mutant
tm6180	mutant
tm6181	mutant
tm6182	mutant
tm6183	mutant
tm6184	mutant
tm6185	mutant
tm6186	mutant
tm6187	mutant
tm6188	mutant
tm6189	mutant
tm6191	mutant
tm6192	mutant
tm6193	mutant
tm6194	mutant
tm6195	mutant
tm6196	mutant
tm6197	mutant
tm6198	mutant
tm6199	mutant
tm6201	mutant
tm6202	mutant
tm6203	mutant
tm6204	mutant
tm6205	mutant
tm6206	mutant
tm6207	mutant
tm6208	mutant
tm6209	mutant
tm6210	mutant
tm6211	mutant
tm6212	mutant
tm6213	mutant
tm6214	mutant
tm6215	mutant
tm6216	mutant
tm6217	mutant
tm6218	mutant
tm6219	mutant
tm6220	mutant
tm6221	mutant
tm6222	mutant
tm6223	mutant
tm6224	mutant
tm6225	mutant
tm6227	mutant
tm6228	mutant
tm6230	mutant
tm6231	mutant
tm6232	mutant
tm6233	mutant
tm6234	mutant
tm6235	mutant
tm6236	mutant
tm6237	mutant
tm6238	mutant
tm6239	mutant
tm6240	mutant
tm6241	mutant
tm6242	mutant
tm6243	mutant
tm6244	mutant
tm6245	mutant
tm6246	mutant
tm6247	mutant
tm6248	mutant
tm6249	mutant
tm6250	mutant
tm6251	mutant
tm6252	mutant
tm6253	mutant
tm6254	mutant
tm6255	mutant
tm6256	mutant
tm6257	mutant
tm6258	mutant
tm6259	mutant
tm6260	mutant
tm6261	mutant
tm6262	mutant
tm6263	mutant
tm6264	mutant
tm6265	mutant
tm6266	mutant
tm6267	mutant
tm6268	mutant
tm6269	mutant
tm6270	mutant
tm6271	mutant
tm6272	mutant
tm6273	mutant
tm6274	mutant
tm6275	mutant
tm6276	mutant
tm6277	mutant
tm6278	mutant
tm6279	mutant
tm6280	mutant
tm6281	mutant
tm6282	mutant
tm6283	mutant
tm6284	mutant
tm6285	mutant
tm6286	mutant
tm6287	mutant
tm6288	mutant
tm6289	mutant
tm6290	mutant
tm6291	mutant
tm6292	mutant
tm6293	mutant
tm6295	mutant
tm6296	mutant
tm6297	mutant
tm6298	mutant
tm6299	mutant
tm6300	mutant
tm6301	mutant
tm6302	mutant
tm6303	mutant
tm6304	mutant
tm6305	mutant
tm6306	mutant
tm6307	mutant
tm6308	mutant
tm6309	mutant
tm6310	mutant
tm6311	mutant
tm6312	mutant
tm6313	mutant
tm6314	mutant
tm6315	mutant
tm6316	mutant
tm6317	mutant
tm6318	mutant
tm6319	mutant
tm6320	mutant
tm6321	mutant
tm6322	mutant
tm6323	mutant
tm6324	mutant
tm6325	mutant
tm6326	mutant
tm6327	mutant
tm9006	mutant
tm6328	mutant
tm6329	mutant
tm6330	mutant
tm6331	mutant
tm6332	mutant
tm6333	mutant
tm6334	mutant
tm6335	mutant
tm6336	mutant
tm6337	mutant
tm6338	mutant
tm6339	mutant
tm6340	mutant
tm6341	mutant
tm6342	mutant
tm6343	mutant
tm6344	mutant
tm6345	mutant
tm6346	mutant
tm6347	mutant
tm6348	mutant
tm6350	mutant
tm6351	mutant
tm6352	mutant
tm6353	mutant
tm6354	mutant
tm6355	mutant
tm6356	mutant
tm6357	mutant
tm6358	mutant
tm6359	mutant
tm6360	mutant
tm6361	mutant
tm6362	mutant
tm6363	mutant
tm6364	mutant
tm6365	mutant
tm6367	mutant
tm6369	mutant
tm6370	mutant
tm6371	mutant
tm6372	mutant
tm6373	mutant
tm6374	mutant
tm6375	mutant
tm6376	mutant
tm6377	mutant
tm6378	mutant
tm6379	mutant
tm6380	mutant
tm6381	mutant
tm6382	mutant
tm6383	mutant
tm6384	mutant
tm6385	mutant
tm6386	mutant
tm6387	mutant
tm6388	mutant
tm6389	mutant
tm6390	mutant
tm6391	mutant
tm6392	mutant
tm6393	mutant
tm6394	mutant
tm6395	mutant
tm6396	mutant
tm6397	mutant
tm6398	mutant
tm6399	mutant
tm6400	mutant
tm6401	mutant
tm6402	mutant
tm6403	mutant
tm6404	mutant
tm6405	mutant
tm6406	mutant
tm6407	mutant
tm6408	mutant
tm6410	mutant
tm6411	mutant
tm6412	mutant
tm6413	mutant
tm6414	mutant
tm6415	mutant
tm6416	mutant
tm6417	mutant
tm6418	mutant
tm6419	mutant
tm6420	mutant
tm6422	mutant
tm6423	mutant
tm6424	mutant
tm6425	mutant
tm6426	mutant
tm6427	mutant
tm6428	mutant
tm6429	mutant
tm6430	mutant
tm6433	mutant
tm6434	mutant
tm6435	mutant
tm6436	mutant
tm6437	mutant
tm6438	mutant
tm6439	mutant
tm6440	mutant
tm6441	mutant
tm6442	mutant
tm6443	mutant
tm6444	mutant
tm6445	mutant
tm6446	mutant
tm6447	mutant
tm6448	mutant
tm6449	mutant
tm6450	mutant
tm6451	mutant
tm6452	mutant
tm6453	mutant
tm6454	mutant
tm6455	mutant
tm6456	mutant
tm6457	mutant
tm6458	mutant
tm6459	mutant
tm6461	mutant
tm6462	mutant
tm6463	mutant
tm6464	mutant
tm6465	mutant
tm6466	mutant
tm6467	mutant
tm6468	mutant
tm6469	mutant
tm6470	mutant
tm6471	mutant
tm6473	mutant
tm6474	mutant
tm6475	mutant
tm6476	mutant
tm6477	mutant
tm6479	mutant
tm6480	mutant
tm6482	mutant
tm6483	mutant
tm6484	mutant
tm6485	mutant
tm6486	mutant
tm6487	mutant
tm6488	mutant
tm6489	mutant
tm6490	mutant
tm6491	mutant
tm6492	mutant
tm6493	mutant
tm6494	mutant
tm6495	mutant
tm6496	mutant
tm6498	mutant
tm6499	mutant
tm6500	mutant
tm6501	mutant
tm6502	mutant
tm6503	mutant
tm6504	mutant
tm6505	mutant
tm6506	mutant
tm6507	mutant
tm6508	mutant
tm6509	mutant
tm6510	mutant
tm6511	mutant
tm6512	mutant
tm6513	mutant
tm6514	mutant
tm6515	mutant
tm6516	mutant
tm6517	mutant
tm6519	mutant
tm6520	mutant
tm6521	mutant
tm6522	mutant
tm6523	mutant
tm6524	mutant
tm6525	mutant
tm6526	mutant
tm6527	mutant
tm6528	mutant
tm6529	mutant
tm6530	mutant
tm6531	mutant
tm6532	mutant
tm6533	mutant
tm6534	mutant
tm6536	mutant
tm6537	mutant
tm6538	mutant
tm6539	mutant
tm6540	mutant
tm6541	mutant
tm6542	mutant
tm6543	mutant
tm6544	mutant
tm6546	mutant
tm6547	mutant
tm6549	mutant
tm6550	mutant
tm6552	mutant
tm6553	mutant
tm6554	mutant
tm6555	mutant
tm6556	mutant
tm6558	mutant
tm6559	mutant
tm6560	mutant
tm6561	mutant
tm6562	mutant
tm6563	mutant
tm6564	mutant
tm6565	mutant
tm6566	mutant
tm6567	mutant
tm6568	mutant
tm6569	mutant
tm6570	mutant
tm6571	mutant
tm6572	mutant
tm6573	mutant
tm6574	mutant
tm6575	mutant
tm6576	mutant
tm6577	mutant
tm6578	mutant
tm6579	mutant
tm6580	mutant
tm6581	mutant
tm6582	mutant
tm6583	mutant
tm6584	mutant
tm6585	mutant
tm6586	mutant
tm6587	mutant
tm6588	mutant
tm6589	mutant
tm6590	mutant
tm6591	mutant
tm6592	mutant
tm6593	mutant
tm6594	mutant
tm6595	mutant
tm6596	mutant
tm6597	mutant
tm6598	mutant
tm6599	mutant
tm6600	mutant
tm6601	mutant
tm6602	mutant
tm6603	mutant
tm6604	mutant
tm6605	mutant
tm6606	mutant
tm6607	mutant
tm6608	mutant
tm6609	mutant
tm6610	mutant
tm6611	mutant
tm6612	mutant
tm6613	mutant
tm6614	mutant
tm6615	mutant
tm6616	mutant
tm6617	mutant
tm6618	mutant
tm6619	mutant
tm6620	mutant
tm6621	mutant
tm6622	mutant
tm6623	mutant
tm6625	mutant
tm6626	mutant
tm6627	mutant
tm6628	mutant
tm6629	mutant
tm6630	mutant
tm6631	mutant
tm6633	mutant
tm6634	mutant
tm6635	mutant
tm6636	mutant
tm6637	mutant
tm6638	mutant
tm6639	mutant
tm6640	mutant
tm6641	mutant
tm6642	mutant
tm6644	mutant
tm6645	mutant
tm6646	mutant
tm6647	mutant
tm6648	mutant
tm6649	mutant
tm6650	mutant
tm6651	mutant
tm6652	mutant
tm6653	mutant
tm6654	mutant
tm6655	mutant
tm6656	mutant
tm6657	mutant
tm6658	mutant
tm6659	mutant
tm6660	mutant
tm6661	mutant
tm6662	mutant
tm6663	mutant
tm6664	mutant
tm6665	mutant
tm6666	mutant
tm6667	mutant
tm6668	mutant
tm6669	mutant
tm6670	mutant
tm6671	mutant
tm6672	mutant
tm6673	mutant
tm6674	mutant
tm6675	mutant
tm6676	mutant
tm6678	mutant
tm6679	mutant
tm6680	mutant
tm6681	mutant
tm6682	mutant
tm6683	mutant
tm6685	mutant
tm6686	mutant
tm6687	mutant
tm6688	mutant
tm6689	mutant
tm6690	mutant
tm6691	mutant
tm6692	mutant
tm6693	mutant
tm6694	mutant
tm6695	mutant
tm6696	mutant
tm6697	mutant
tm6698	mutant
tm6699	mutant
tm6700	mutant
tm6702	mutant
tm6703	mutant
tm6704	mutant
tm6705	mutant
tm6706	mutant
tm6707	mutant
tm6709	mutant
tm6710	mutant
tm6711	mutant
tm6712	mutant
tm6713	mutant
tm6714	mutant
tm6715	mutant
tm6717	mutant
tm6718	mutant
tm6719	mutant
tm6720	mutant
tm6722	mutant
tm6723	mutant
tm6724	mutant
tm6725	mutant
tm6726	mutant
tm6728	mutant
tm6729	mutant
tm6730	mutant
tm6733	mutant
tm6734	mutant
tm6735	mutant
tm6737	mutant
tm6738	mutant
tm6739	mutant
tm6740	mutant
tm6741	mutant
tm6742	mutant
tm6743	mutant
tm6744	mutant
tm6745	mutant
tm6746	mutant
tm6747	mutant
tm6748	mutant
tm6749	mutant
tm6750	mutant
tm6751	mutant
tm6752	mutant
tm6753	mutant
tm6754	mutant
tm6755	mutant
tm6756	mutant
tm6757	mutant
tm6758	mutant
tm6759	mutant
tm6760	mutant
tm6761	mutant
tm6762	mutant
tm6763	mutant
tm6765	mutant
tm6766	mutant
tm6767	mutant
tm6768	mutant
tm6769	mutant
tm6770	mutant
tm6771	mutant
tm6772	mutant
tm6773	mutant
tm6774	mutant
tm6775	mutant
tm6776	mutant
tm6777	mutant
tm6778	mutant
tm6779	mutant
tm6780	mutant
tm6781	mutant
tm6782	mutant
tm6784	mutant
tm6785	mutant
tm6786	mutant
tm6787	mutant
tm6788	mutant
tm6789	mutant
tm6790	mutant
tm6791	mutant
tm6792	mutant
tm6794	mutant
tm6795	mutant
tm6796	mutant
tm6797	mutant
tm6798	mutant
tm6799	mutant
tm6800	mutant
tm6801	mutant
tm6802	mutant
tm6803	mutant
tm6804	mutant
tm6805	mutant
tm6806	mutant
tm6807	mutant
tm6808	mutant
tm6811	mutant
tm6812	mutant
tm6813	mutant
tm6816	mutant
tm6817	mutant
tm6818	mutant
tm6819	mutant
tm6820	mutant
tm6821	mutant
tm6822	mutant
tm6823	mutant
tm6824	mutant
tm6825	mutant
tm6827	mutant
tm6828	mutant
tm6829	mutant
tm6830	mutant
tm6831	mutant
tm6832	mutant
tm6833	mutant
tm6834	mutant
tm6835	mutant
tm6836	mutant
tm6837	mutant
tm6838	mutant
tm6839	mutant
tm6840	mutant
tm6841	mutant
tm6842	mutant
tm6843	mutant
tm6844	mutant
tm6845	mutant
tm6847	mutant
tm6848	mutant
tm6849	mutant
tm6850	mutant
tm6851	mutant
tm6852	mutant
tm6853	mutant
tm6854	mutant
tm6855	mutant
tm6856	mutant
tm6857	mutant
tm6858	mutant
tm6859	mutant
tm6860	mutant
tm6861	mutant
tm6862	mutant
tm6863	mutant
tm6864	mutant
tm6865	mutant
tm6866	mutant
tm6867	mutant
tm6868	mutant
tm6869	mutant
tm6870	mutant
tm6872	mutant
tm6873	mutant
tm6874	mutant
tm6875	mutant
tm6876	mutant
tm6877	mutant
tm6878	mutant
tm6880	mutant
tm6881	mutant
tm6882	mutant
tm6883	mutant
tm6884	mutant
tm6885	mutant
tm6886	mutant
tm6887	mutant
tm7001	mutant
tm7002	mutant
tm6888	mutant
tm6889	mutant
tm6890	mutant
tm6891	mutant
tm6892	mutant
tm6893	mutant
tm6894	mutant
tm6895	mutant
tm6896	mutant
tm6897	mutant
tm6898	mutant
tm7003	mutant
tm6899	mutant
tm6900	mutant
tm6901	mutant
tm6902	mutant
tm6903	mutant
tm6904	mutant
tm6905	mutant
tm6906	mutant
tm6907	mutant
tm6908	mutant
tm6909	mutant
tm6910	mutant
tm6911	mutant
tm6913	mutant
tm6914	mutant
tm6915	mutant
tm6916	mutant
tm6917	mutant
tm6918	mutant
tm6919	mutant
tm6920	mutant
tm6921	mutant
tm6922	mutant
tm6923	mutant
tm6924	mutant
tm6925	mutant
tm6926	mutant
tm6927	mutant
tm6929	mutant
tm6930	mutant
tm6932	mutant
tm6933	mutant
tm6934	mutant
tm6935	mutant
tm6936	mutant
tm6937	mutant
tm6938	mutant
tm7005	mutant
tm7006	mutant
tm7007	mutant
tm7008	mutant
tm7009	mutant
tm7010	mutant
tm6939	mutant
tm6940	mutant
tm6941	mutant
tm6942	mutant
tm6943	mutant
tm6945	mutant
tm6946	mutant
tm6947	mutant
tm6948	mutant
tm6950	mutant
tm6951	mutant
tm6952	mutant
tm6953	mutant
tm6954	mutant
tm6955	mutant
tm6956	mutant
tm6957	mutant
tm6958	mutant
tm6959	mutant
tm6960	mutant
tm6961	mutant
tm6962	mutant
tm6963	mutant
tm6964	mutant
tm7011	mutant
tm7012	mutant
tm7013	mutant
tm7015	mutant
tm7016	mutant
tm7014	mutant
tm6965	mutant
tm6966	mutant
tm6967	mutant
tm6968	mutant
tm6970	mutant
tm6971	mutant
tm6972	mutant
tm7019	mutant
tm7020	mutant
tm7021	mutant
tm7023	mutant
tm6973	mutant
tm6974	mutant
tm7024	mutant
tm7025	mutant
tm7026	mutant
tm7027	mutant
tm7028	mutant
tm7029	mutant
tm7030	mutant
tm7031	mutant
tm7032	mutant
tm7033	mutant
tm7034	mutant
tm7035	mutant
tm7036	mutant
tm6975	mutant
tm6976	mutant
tm6977	mutant
tm6978	mutant
tm6979	mutant
tm6980	mutant
tm6981	mutant
tm6982	mutant
tm6983	mutant
tm7037	mutant
tm7038	mutant
tm7039	mutant
tm7040	mutant
tm7043	mutant
tm7045	mutant
tm7047	mutant
tm6984	mutant
tm7048	mutant
tm7050	mutant
tm7051	mutant
tm7052	mutant
tm7053	mutant
tm7054	mutant
tm7056	mutant
tm7058	mutant
tm7060	mutant
tm7061	mutant
tm7063	mutant
tm7064	mutant
tm7065	mutant
tm7066	mutant
tm7067	mutant
tm7068	mutant
tm7069	mutant
tm7071	mutant
tm7072	mutant
tm7073	mutant
tm7074	mutant
tm7075	mutant
tm7078	mutant
tm7079	mutant
tm7080	mutant
tm7081	mutant
tm6985	mutant
tm6986	mutant
tm6987	mutant
tm6988	mutant
tm6989	mutant
tm6990	mutant
tm7082	mutant
tm7083	mutant
tm7084	mutant
tm7085	mutant
tm7086	mutant
tm7087	mutant
tm7088	mutant
tm7090	mutant
tm7091	mutant
tm7092	mutant
tm7094	mutant
tm7095	mutant
tm7097	mutant
tm7098	mutant
tm7099	mutant
tm7201	mutant
tm7202	mutant
tm7203	mutant
tm7205	mutant
tm7206	mutant
tm7207	mutant
tm7208	mutant
tm7209	mutant
tm7210	mutant
tm7211	mutant
tm6991	mutant
tm6992	mutant
tm6994	mutant
tm7212	mutant
tm7213	mutant
tm7214	mutant
tm7216	mutant
tm7217	mutant
tm7219	mutant
tm7220	mutant
tm7221	mutant
tm7223	mutant
tm7224	mutant
tm7225	mutant
tm7226	mutant
tm7229	mutant
tm7230	mutant
tm7231	mutant
tm6995	mutant
tm6996	mutant
tm6997	mutant
tm6998	mutant
tm6999	mutant
tm7000	mutant
tm7232	mutant
tm7233	mutant
tm7234	mutant
tm7235	mutant
tm7237	mutant
tm7238	mutant
tm7239	mutant
tm7240	mutant
tm7241	mutant
tm7242	mutant
tm7243	mutant
tm7244	mutant
tm7245	mutant
tm7246	mutant
tm7247	mutant
tm7248	mutant
tm7249	mutant
tm7101	mutant
tm7102	mutant
tm7252	mutant
tm7253	mutant
tm7254	mutant
tm7255	mutant
tm7257	mutant
tm7258	mutant
tm7259	mutant
tm7260	mutant
tm7261	mutant
tm7263	mutant
tm7103	mutant
tm7104	mutant
tm7267	mutant
tm7268	mutant
tm7269	mutant
tm7270	mutant
tm7272	mutant
tm7273	mutant
tm7274	mutant
tm7275	mutant
tm7276	mutant
tm7277	mutant
tm7279	mutant
tm7280	mutant
tm7281	mutant
tm7282	mutant
tm7283	mutant
tm7286	mutant
tm7287	mutant
tm7289	mutant
tm7106	mutant
tm7107	mutant
tm7108	mutant
tm7109	mutant
tm7110	mutant
tm7111	mutant
tm7291	mutant
tm7292	mutant
tm7293	mutant
tm7295	mutant
tm7296	mutant
tm7297	mutant
tm7298	mutant
tm7299	mutant
tm7300	mutant
tm7301	mutant
tm7302	mutant
tm7304	mutant
tm7305	mutant
tm7306	mutant
tm7307	mutant
tm7308	mutant
tm7309	mutant
tm7310	mutant
tm7311	mutant
tm7312	mutant
tm7313	mutant
tm7112	mutant
tm7113	mutant
tm7114	mutant
tm7115	mutant
tm7314	mutant
tm7315	mutant
tm7316	mutant
tm7317	mutant
tm7318	mutant
tm7319	mutant
tm7320	mutant
tm7321	mutant
tm7322	mutant
tm7323	mutant
tm7324	mutant
tm7325	mutant
tm7327	mutant
tm7329	mutant
tm7330	mutant
tm7331	mutant
tm7332	mutant
tm7333	mutant
tm7334	mutant
tm7335	mutant
tm7336	mutant
tm7337	mutant
tm7338	mutant
tm7116	mutant
tm7117	mutant
tm7118	mutant
tm7119	mutant
tm7120	mutant
tm7339	mutant
tm7340	mutant
tm7341	mutant
tm7342	mutant
tm7343	mutant
tm7344	mutant
tm7345	mutant
tm7346	mutant
tm7347	mutant
tm7348	mutant
tm7349	mutant
tm7350	mutant
tm7351	mutant
tm7122	mutant
tm7352	mutant
tm7353	mutant
tm7354	mutant
tm7355	mutant
tm7356	mutant
tm7357	mutant
tm7358	mutant
tm7359	mutant
tm7360	mutant
tm7361	mutant
tm7362	mutant
tm7364	mutant
tm7365	mutant
tm7366	mutant
tm7367	mutant
tm7368	mutant
tm7369	mutant
tm7370	mutant
tm7371	mutant
tm7372	mutant
tm7373	mutant
tm7123	mutant
tm7124	mutant
tm7125	mutant
tm7126	mutant
tm7127	mutant
tm7128	mutant
tm7129	mutant
tm7374	mutant
tm7375	mutant
tm7376	mutant
tm7377	mutant
tm7378	mutant
tm7379	mutant
tm7380	mutant
tm7381	mutant
tm7382	mutant
tm7383	mutant
tm7384	mutant
tm7385	mutant
tm7386	mutant
tm7387	mutant
tm7388	mutant
tm7389	mutant
tm7390	mutant
tm7391	mutant
tm7392	mutant
tm7393	mutant
tm7394	mutant
tm7395	mutant
tm7396	mutant
tm7403	mutant
tm7404	mutant
tm7405	mutant
tm7406	mutant
tm7407	mutant
tm7408	mutant
tm7409	mutant
tm7410	mutant
tm7411	mutant
tm7412	mutant
tm7413	mutant
tm7414	mutant
tm7415	mutant
tm7416	mutant
tm7417	mutant
tm7418	mutant
tm7419	mutant
tm7420	mutant
tm7421	mutant
tm7422	mutant
tm7423	mutant
tm7424	mutant
tm7426	mutant
tm7427	mutant
tm7428	mutant
tm7429	mutant
tm7430	mutant
tm7431	mutant
tm7432	mutant
tm7433	mutant
tm7434	mutant
tm7435	mutant
tm7436	mutant
tm7437	mutant
tm7438	mutant
tm7439	mutant
tm7440	mutant
tm7441	mutant
tm7442	mutant
tm7443	mutant
tm7444	mutant
tm7445	mutant
tm7446	mutant
tm7447	mutant
tm7448	mutant
tm7449	mutant
tm7450	mutant
tm7451	mutant
tm7452	mutant
tm7453	mutant
tm7454	mutant
tm7455	mutant
tm7397	mutant
tm7398	mutant
tm7399	mutant
tm7400	mutant
tm7401	mutant
tm7402	mutant
tm7425	mutant
tm7130	mutant
tm7131	mutant
tm7456	mutant
tm7457	mutant
tm7458	mutant
tm7459	mutant
tm7460	mutant
tm7461	mutant
tm7462	mutant
tm7463	mutant
tm7464	mutant
tm7466	mutant
tm7467	mutant
tm7468	mutant
tm7469	mutant
tm7471	mutant
tm7472	mutant
tm7473	mutant
tm7474	mutant
tm7475	mutant
tm7476	mutant
tm7477	mutant
tm7478	mutant
tm7479	mutant
tm7480	mutant
tm7481	mutant
tm7482	mutant
tm7483	mutant
tm7484	mutant
tm7485	mutant
tm7486	mutant
tm7487	mutant
tm7488	mutant
tm7489	mutant
tm7490	mutant
tm7491	mutant
tm7492	mutant
tm7493	mutant
tm7494	mutant
tm7495	mutant
tm7496	mutant
tm7497	mutant
tm7498	mutant
tm7499	mutant
tm7500	mutant
tm7501	mutant
tm7502	mutant
tm7503	mutant
tm7504	mutant
tm7505	mutant
tm7506	mutant
tm7507	mutant
tm7508	mutant
tm7509	mutant
tm7510	mutant
tm7511	mutant
tm7512	mutant
tm7513	mutant
tm7514	mutant
tm7515	mutant
tm7516	mutant
tm7517	mutant
tm7518	mutant
tm7519	mutant
tm7520	mutant
tm7521	mutant
tm7522	mutant
tm7523	mutant
tm7524	mutant
tm7525	mutant
tm7526	mutant
tm7528	mutant
tm7529	mutant
tm7530	mutant
tm7531	mutant
tm7532	mutant
tm7533	mutant
tm7534	mutant
tm7535	mutant
tm7536	mutant
tm7537	mutant
tm7538	mutant
tm7539	mutant
tm7540	mutant
tm7541	mutant
tm7542	mutant
tm7543	mutant
tm7544	mutant
tm7545	mutant
tm7546	mutant
tm7547	mutant
tm7549	mutant
tm7550	mutant
tm7551	mutant
tm7552	mutant
tm7553	mutant
tm7554	mutant
tm7555	mutant
tm7556	mutant
tm7557	mutant
tm7558	mutant
tm7559	mutant
tm7560	mutant
tm7561	mutant
tm7562	mutant
tm7563	mutant
tm7564	mutant
tm7565	mutant
tm7566	mutant
tm7567	mutant
tm7568	mutant
tm7569	mutant
tm7570	mutant
tm7571	mutant
tm7572	mutant
tm7132	mutant
tm7573	mutant
tm7574	mutant
tm7575	mutant
tm7576	mutant
tm7577	mutant
tm7578	mutant
tm7579	mutant
tm7580	mutant
tm7581	mutant
tm7582	mutant
tm7583	mutant
tm7584	mutant
tm7585	mutant
tm7586	mutant
tm7587	mutant
tm7588	mutant
tm7589	mutant
tm7590	mutant
tm7591	mutant
tm7592	mutant
tm7593	mutant
tm7594	mutant
tm7595	mutant
tm7596	mutant
tm7598	mutant
tm7599	mutant
tm7600	mutant
tm7601	mutant
tm7603	mutant
tm7604	mutant
tm7605	mutant
tm7606	mutant
tm7607	mutant
tm7608	mutant
tm7609	mutant
tm7610	mutant
tm7611	mutant
tm7612	mutant
tm7613	mutant
tm7614	mutant
tm7615	mutant
tm7616	mutant
tm7617	mutant
tm7618	mutant
tm7619	mutant
tm7620	mutant
tm7621	mutant
tm7622	mutant
tm7623	mutant
tm7624	mutant
tm7625	mutant
tm7626	mutant
tm7627	mutant
tm7629	mutant
tm7630	mutant
tm7631	mutant
tm7632	mutant
tm7633	mutant
tm7634	mutant
tm7635	mutant
tm7636	mutant
tm7637	mutant
tm7638	mutant
tm7639	mutant
tm7640	mutant
tm7641	mutant
tm7642	mutant
tm7643	mutant
tm7644	mutant
tm7645	mutant
tm7646	mutant
tm7647	mutant
tm7648	mutant
tm7649	mutant
tm7650	mutant
tm7133	mutant
tm7134	mutant
tm7135	mutant
tm7651	mutant
tm7652	mutant
tm7136	mutant
tm7654	mutant
tm7655	mutant
tm7656	mutant
tm7657	mutant
tm7658	mutant
tm7659	mutant
tm7660	mutant
tm7661	mutant
tm7662	mutant
tm7663	mutant
tm7664	mutant
tm7665	mutant
tm7137	mutant
tm7666	mutant
tm7667	mutant
tm7668	mutant
tm7669	mutant
tm7670	mutant
tm7671	mutant
tm7674	mutant
tm7675	mutant
tm7676	mutant
tm7677	mutant
tm7139	mutant
tm7138	mutant
tm7678	mutant
tm7679	mutant
tm7680	mutant
tm7681	mutant
tm7682	mutant
tm7683	mutant
tm7684	mutant
tm7685	mutant
tm7686	mutant
tm7687	mutant
tm7688	mutant
tm7689	mutant
tm7690	mutant
tm7691	mutant
tm7692	mutant
tm7693	mutant
tm7694	mutant
tm7695	mutant
tm7696	mutant
tm7697	mutant
tm7698	mutant
tm7699	mutant
tm7700	mutant
tm7701	mutant
tm7702	mutant
tm7703	mutant
tm7704	mutant
tm7705	mutant
tm7706	mutant
tm7707	mutant
tm7708	mutant
tm7709	mutant
tm7711	mutant
tm7712	mutant
tm7713	mutant
tm7714	mutant
tm7715	mutant
tm7716	mutant
tm7717	mutant
tm7718	mutant
tm7719	mutant
tm7720	mutant
tm7721	mutant
tm7722	mutant
tm7723	mutant
tm7724	mutant
tm7726	mutant
tm7727	mutant
tm7728	mutant
tm7729	mutant
tm7730	mutant
tm7731	mutant
tm7732	mutant
tm7733	mutant
tm7734	mutant
tm7735	mutant
tm7736	mutant
tm7737	mutant
tm7738	mutant
tm7739	mutant
tm7740	mutant
tm7741	mutant
tm7742	mutant
tm7743	mutant
tm7744	mutant
tm7745	mutant
tm7746	mutant
tm7747	mutant
tm7748	mutant
tm7749	mutant
tm7750	mutant
tm7140	mutant
tm7141	mutant
tm7142	mutant
tm7753	mutant
tm7754	mutant
tm7755	mutant
tm7756	mutant
tm7757	mutant
tm7758	mutant
tm7760	mutant
tm7761	mutant
tm7762	mutant
tm7764	mutant
tm7765	mutant
tm7766	mutant
tm7768	mutant
tm7769	mutant
tm7770	mutant
tm7771	mutant
tm7772	mutant
tm7773	mutant
tm7774	mutant
tm7776	mutant
tm7778	mutant
tm7779	mutant
tm7780	mutant
tm7781	mutant
tm7782	mutant
tm7783	mutant
tm7784	mutant
tm7785	mutant
tm7786	mutant
tm7787	mutant
tm7788	mutant
tm7789	mutant
tm7790	mutant
tm7791	mutant
tm7792	mutant
tm7794	mutant
tm7795	mutant
tm7797	mutant
tm7798	mutant
tm7799	mutant
tm7800	mutant
tm7801	mutant
tm7804	mutant
tm7805	mutant
tm7806	mutant
tm7807	mutant
tm7808	mutant
tm7809	mutant
tm7810	mutant
tm7811	mutant
tm7812	mutant
tm7813	mutant
tm7814	mutant
tm7815	mutant
tm7816	mutant
tm7817	mutant
tm7818	mutant
tm7819	mutant
tm7820	mutant
tm7821	mutant
tm7822	mutant
tm7823	mutant
tm7824	mutant
tm7825	mutant
tm7826	mutant
tm7827	mutant
tm7828	mutant
tm7829	mutant
tm7830	mutant
tm7831	mutant
tm7832	mutant
tm7833	mutant
tm7834	mutant
tm7835	mutant
tm7836	mutant
tm7837	mutant
tm7838	mutant
tm7839	mutant
tm7840	mutant
tm7841	mutant
tm7842	mutant
tm7843	mutant
tm7844	mutant
tm7845	mutant
tm7846	mutant
tm7847	mutant
tm7848	mutant
tm7849	mutant
tm7850	mutant
tm7851	mutant
tm7852	mutant
tm7853	mutant
tm7854	mutant
tm7855	mutant
tm7856	mutant
tm7857	mutant
tm7858	mutant
tm7859	mutant
tm7860	mutant
tm7861	mutant
tm7862	mutant
tm7863	mutant
tm7864	mutant
tm7865	mutant
tm7866	mutant
tm7868	mutant
tm7869	mutant
tm7870	mutant
tm7871	mutant
tm7872	mutant
tm7873	mutant
tm7874	mutant
tm7875	mutant
tm7876	mutant
tm7877	mutant
tm7878	mutant
tm7879	mutant
tm7880	mutant
tm7881	mutant
tm7882	mutant
tm7883	mutant
tm7884	mutant
tm7885	mutant
tm7886	mutant
tm7887	mutant
tm7888	mutant
tm7889	mutant
tm7890	mutant
tm7891	mutant
tm7892	mutant
tm7893	mutant
tm7894	mutant
tm7895	mutant
tm7896	mutant
tm7897	mutant
tm7898	mutant
tm7899	mutant
tm7900	mutant
tm7901	mutant
tm7902	mutant
tm7903	mutant
tm7905	mutant
tm7906	mutant
tm7907	mutant
tm7908	mutant
tm7909	mutant
tm7911	mutant
tm7912	mutant
tm7913	mutant
tm7914	mutant
tm7915	mutant
tm7916	mutant
tm7917	mutant
tm7918	mutant
tm7919	mutant
tm7920	mutant
tm7921	mutant
tm7922	mutant
tm7923	mutant
tm7924	mutant
tm7925	mutant
tm7926	mutant
tm7927	mutant
tm7928	mutant
tm7929	mutant
tm7930	mutant
tm7931	mutant
tm7932	mutant
tm7933	mutant
tm7934	mutant
tm7935	mutant
tm7936	mutant
tm7937	mutant
tm7938	mutant
tm7939	mutant
tm7940	mutant
tm7941	mutant
tm7942	mutant
tm7943	mutant
tm7944	mutant
tm7945	mutant
tm7946	mutant
tm7947	mutant
tm7948	mutant
tm7949	mutant
tm7950	mutant
tm7951	mutant
tm7952	mutant
tm7953	mutant
tm7954	mutant
tm7955	mutant
tm7956	mutant
tm7957	mutant
tm7958	mutant
tm7959	mutant
tm7960	mutant
tm7961	mutant
tm7963	mutant
tm7964	mutant
tm7965	mutant
tm7966	mutant
tm7967	mutant
tm7968	mutant
tm7969	mutant
tm7970	mutant
tm7971	mutant
tm7972	mutant
tm7973	mutant
tm7974	mutant
tm7975	mutant
tm7976	mutant
tm7977	mutant
tm7978	mutant
tm7980	mutant
tm7981	mutant
tm7982	mutant
tm7983	mutant
tm7984	mutant
tm7985	mutant
tm7986	mutant
tm7987	mutant
tm7988	mutant
tm7989	mutant
tm7990	mutant
tm7991	mutant
tm7992	mutant
tm7994	mutant
tm7995	mutant
tm7996	mutant
tm7999	mutant
tm8000	mutant
tm8001	mutant
tm8002	mutant
tm8003	mutant
tm8004	mutant
tm8005	mutant
tm8006	mutant
tm8007	mutant
tm8008	mutant
tm8009	mutant
tm9416	mutant
tm8012	mutant
tm8013	mutant
tm8014	mutant
tm8015	mutant
tm8017	mutant
tm8018	mutant
tm8019	mutant
tm8020	mutant
tm8021	mutant
tm8023	mutant
tm8024	mutant
tm8025	mutant
tm8026	mutant
tm8027	mutant
tm8028	mutant
tm8029	mutant
tm8030	mutant
tm8031	mutant
tm8032	mutant
tm8033	mutant
tm8034	mutant
tm8035	mutant
tm8037	mutant
tm8038	mutant
tm8039	mutant
tm8040	mutant
tm8041	mutant
tm8042	mutant
tm8044	mutant
tm8045	mutant
tm8046	mutant
tm8047	mutant
tm8048	mutant
tm8050	mutant
tm8051	mutant
tm8052	mutant
tm8053	mutant
tm8055	mutant
tm8056	mutant
tm8057	mutant
tm8058	mutant
tm8059	mutant
tm8060	mutant
tm8061	mutant
tm8062	mutant
tm8063	mutant
tm8064	mutant
tm8065	mutant
tm8066	mutant
tm8067	mutant
tm8068	mutant
tm8069	mutant
tm8070	mutant
tm8071	mutant
tm8072	mutant
tm8073	mutant
tm8074	mutant
tm8075	mutant
tm8077	mutant
tm8078	mutant
tm8079	mutant
tm8080	mutant
tm8081	mutant
tm8082	mutant
tm8083	mutant
tm8084	mutant
tm8085	mutant
tm8086	mutant
tm8087	mutant
tm8088	mutant
tm8089	mutant
tm8090	mutant
tm8091	mutant
tm8092	mutant
tm8093	mutant
tm8094	mutant
tm8095	mutant
tm8096	mutant
tm8098	mutant
tm8099	mutant
tm8100	mutant
tm8101	mutant
tm8102	mutant
tm8104	mutant
tm8105	mutant
tm8106	mutant
tm8107	mutant
tm8108	mutant
tm8109	mutant
tm8110	mutant
tm8111	mutant
tm8112	mutant
tm8113	mutant
tm8114	mutant
tm8115	mutant
tm8116	mutant
tm8117	mutant
tm8118	mutant
tm8119	mutant
tm8120	mutant
tm8121	mutant
tm8122	mutant
tm8123	mutant
tm8126	mutant
tm8127	mutant
tm8129	mutant
tm8132	mutant
tm8135	mutant
tm8136	mutant
tm8137	mutant
tm8138	mutant
tm8139	mutant
tm8141	mutant
tm8144	mutant
tm8145	mutant
tm8146	mutant
tm8147	mutant
tm8148	mutant
tm8149	mutant
tm8150	mutant
tm8151	mutant
tm8152	mutant
tm8153	mutant
tm8154	mutant
tm8155	mutant
tm8157	mutant
tm8158	mutant
tm8159	mutant
tm8160	mutant
tm8161	mutant
tm8165	mutant
tm8169	mutant
tm8170	mutant
tm8171	mutant
tm8174	mutant
tm8175	mutant
tm8176	mutant
tm8177	mutant
tm8178	mutant
tm8179	mutant
tm8180	mutant
tm8181	mutant
tm8182	mutant
tm8183	mutant
tm8184	mutant
tm8186	mutant
tm8187	mutant
tm8188	mutant
tm8189	mutant
tm8190	mutant
tm8191	mutant
tm8192	mutant
tm8194	mutant
tm8195	mutant
tm8197	mutant
tm8198	mutant
tm8199	mutant
tm8200	mutant
tm8201	mutant
tm8202	mutant
tm8203	mutant
tm8204	mutant
tm8205	mutant
tm8206	mutant
tm8207	mutant
tm8208	mutant
tm8209	mutant
tm8210	mutant
tm8211	mutant
tm8212	mutant
tm8213	mutant
tm8214	mutant
tm8215	mutant
tm8216	mutant
tm8218	mutant
tm8219	mutant
tm8220	mutant
tm8221	mutant
tm8222	mutant
tm8223	mutant
tm8225	mutant
tm8226	mutant
tm8227	mutant
tm8228	mutant
tm8229	mutant
tm8230	mutant
tm8231	mutant
tm8232	mutant
tm8233	mutant
tm8234	mutant
tm8235	mutant
tm8236	mutant
tm8237	mutant
tm8238	mutant
tm8239	mutant
tm8240	mutant
tm8241	mutant
tm8242	mutant
tm8243	mutant
tm8244	mutant
tm8245	mutant
tm8246	mutant
tm8248	mutant
tm8249	mutant
tm8250	mutant
tm8251	mutant
tm8253	mutant
tm8254	mutant
tm8255	mutant
tm8256	mutant
tm8257	mutant
tm8258	mutant
tm8259	mutant
tm8262	mutant
tm8264	mutant
tm8265	mutant
tm8267	mutant
tm8269	mutant
tm8270	mutant
tm8272	mutant
tm8273	mutant
tm8274	mutant
tm8275	mutant
tm8276	mutant
tm8277	mutant
tm8278	mutant
tm8279	mutant
tm8282	mutant
tm8283	mutant
tm8284	mutant
tm8285	mutant
tm8286	mutant
tm8287	mutant
tm8288	mutant
tm8289	mutant
tm8290	mutant
tm8292	mutant
tm8293	mutant
tm8294	mutant
tm8295	mutant
tm8296	mutant
tm8297	mutant
tm8299	mutant
tm8302	mutant
tm8303	mutant
tm8305	mutant
tm8306	mutant
tm8307	mutant
tm8308	mutant
tm8309	mutant
tm8311	mutant
tm8312	mutant
tm8313	mutant
tm8314	mutant
tm8315	mutant
tm8316	mutant
tm8317	mutant
tm8318	mutant
tm8319	mutant
tm8320	mutant
tm8322	mutant
tm8325	mutant
tm8327	mutant
tm8328	mutant
tm8329	mutant
tm8330	mutant
tm8331	mutant
tm8332	mutant
tm8333	mutant
tm8334	mutant
tm8335	mutant
tm8336	mutant
tm8337	mutant
tm8338	mutant
tm8339	mutant
tm8340	mutant
tm8341	mutant
tm8342	mutant
tm8343	mutant
tm8344	mutant
tm8346	mutant
tm8347	mutant
tm8348	mutant
tm8349	mutant
tm8350	mutant
tm8351	mutant
tm8352	mutant
tm8353	mutant
tm8354	mutant
tm8356	mutant
tm8357	mutant
tm8358	mutant
tm8359	mutant
tm8360	mutant
tm8361	mutant
tm8363	mutant
tm8364	mutant
tm8366	mutant
tm8368	mutant
tm8369	mutant
tm8370	mutant
tm8371	mutant
tm8372	mutant
tm8373	mutant
tm8374	mutant
tm8375	mutant
tm8376	mutant
tm8377	mutant
tm8379	mutant
tm8380	mutant
tm8381	mutant
tm8382	mutant
tm8383	mutant
tm8384	mutant
tm8385	mutant
tm8386	mutant
tm8389	mutant
tm8391	mutant
tm8392	mutant
tm8393	mutant
tm8395	mutant
tm8396	mutant
tm8398	mutant
tm8399	mutant
tm8406	mutant
tm8407	mutant
tm8411	mutant
tm8417	mutant
tm8418	mutant
tm8419	mutant
tm8420	mutant
tm8421	mutant
tm8422	mutant
tm8423	mutant
tm8424	mutant
tm8425	mutant
tm8426	mutant
tm8427	mutant
tm7148	mutant
tm8431	mutant
tm8433	mutant
tm8436	mutant
tm8440	mutant
tm8441	mutant
tm8442	mutant
tm8443	mutant
tm8444	mutant
tm8445	mutant
tm8446	mutant
tm8447	mutant
tm8448	mutant
tm8452	mutant
tm8454	mutant
tm8455	mutant
tm8460	mutant
tm8465	mutant
tm8466	mutant
tm8467	mutant
tm8468	mutant
tm8470	mutant
tm8471	mutant
tm8473	mutant
tm8474	mutant
tm8476	mutant
tm8478	mutant
tm8481	mutant
tm8483	mutant
tm8485	mutant
tm8486	mutant
tm8487	mutant
tm8488	mutant
tm8491	mutant
tm8492	mutant
tm8494	mutant
tm8496	mutant
tm8497	mutant
tm8498	mutant
tm8499	mutant
tm8502	mutant
tm8504	mutant
tm8505	mutant
tm8509	mutant
tm8511	mutant
tm8513	mutant
tm8515	mutant
tm8517	mutant
tm8523	mutant
tm8524	mutant
tm8525	mutant
tm8526	mutant
tm8527	mutant
tm8530	mutant
tm8531	mutant
tm8532	mutant
tm8535	mutant
tm8536	mutant
tm8537	mutant
tm7143	mutant
tm7144	mutant
tm7146	mutant
tm7147	mutant
tm9565	mutant
tm9566	mutant
tm9567	mutant
tm8323	mutant
tm8538	mutant
tm8539	mutant
tm8541	mutant
tm8543	mutant
tm8544	mutant
tm8545	mutant
tm8547	mutant
tm8548	mutant
tm8553	mutant
tm8556	mutant
tm8557	mutant
tm8558	mutant
tm8559	mutant
tm8562	mutant
tm8565	mutant
tm8569	mutant
tm8570	mutant
tm8571	mutant
tm8572	mutant
tm8575	mutant
tm8577	mutant
tm8580	mutant
tm8582	mutant
tm8583	mutant
tm8584	mutant
tm7149	mutant
tm7150	mutant
tm7151	mutant
tm7153	mutant
tm7154	mutant
tm7155	mutant
tm8586	mutant
tm8587	mutant
tm8592	mutant
tm8593	mutant
tm8594	mutant
tm8597	mutant
tm8598	mutant
tm8599	mutant
tm8603	mutant
tm8604	mutant
tm8606	mutant
tm8613	mutant
tm8614	mutant
tm7156	mutant
tm8615	mutant
tm8616	mutant
tm8617	mutant
tm8618	mutant
tm8619	mutant
tm8620	mutant
tm8621	mutant
tm8622	mutant
tm8625	mutant
tm9591	mutant
tm8627	mutant
tm8630	mutant
tm8633	mutant
tm8636	mutant
tm8637	mutant
tm8638	mutant
tm8639	mutant
tm8640	mutant
tm8641	mutant
tm8642	mutant
tm8644	mutant
tm8648	mutant
tm8649	mutant
tm7157	mutant
tm7158	mutant
tm7159	mutant
tm9593	mutant
tm8651	mutant
tm8652	mutant
tm8653	mutant
tm8654	mutant
tm8656	mutant
tm8659	mutant
tm8661	mutant
tm8662	mutant
tm8665	mutant
tm8666	mutant
tm8667	mutant
tm8670	mutant
tm8672	mutant
tm8674	mutant
tm8676	mutant
tm8677	mutant
tm8678	mutant
tm8679	mutant
tm8682	mutant
tm9599	mutant
tm9600	mutant
tm8683	mutant
tm8684	mutant
tm8688	mutant
tm8689	mutant
tm8690	mutant
tm8691	mutant
tm8694	mutant
tm8697	mutant
tm8698	mutant
tm8699	mutant
tm8700	mutant
tm8701	mutant
tm8706	mutant
tm8707	mutant
tm8708	mutant
tm8711	mutant
tm8712	mutant
tm8714	mutant
tm8716	mutant
tm8717	mutant
tm9601	mutant
tm9602	mutant
tm9603	mutant
tm9604	mutant
tm9606	mutant
tm9607	mutant
tm8719	mutant
tm8721	mutant
tm8722	mutant
tm8724	mutant
tm8726	mutant
tm8729	mutant
tm8731	mutant
tm8734	mutant
tm8739	mutant
tm8742	mutant
tm8743	mutant
tm8746	mutant
tm8749	mutant
tm8753	mutant
tm8758	mutant
tm8759	mutant
tm8760	mutant
tm8761	mutant
tm8765	mutant
tm8772	mutant
tm8773	mutant
tm8774	mutant
tm8777	mutant
tm8779	mutant
tm9616	mutant
tm9617	mutant
tm9618	mutant
tm8782	mutant
tm8783	mutant
tm8784	mutant
tm8786	mutant
tm8787	mutant
tm8793	mutant
tm8797	mutant
tm8798	mutant
tm8804	mutant
tm8806	mutant
tm8808	mutant
tm8809	mutant
tm8811	mutant
tm8812	mutant
tm8814	mutant
tm8818	mutant
tm8819	mutant
tm8820	mutant
tm8822	mutant
tm8823	mutant
tm8825	mutant
tm8826	mutant
tm9620	mutant
tm8828	mutant
tm8829	mutant
tm8830	mutant
tm8831	mutant
tm8832	mutant
tm8833	mutant
tm8834	mutant
tm8835	mutant
tm8836	mutant
tm8837	mutant
tm8838	mutant
tm8839	mutant
tm8840	mutant
tm8841	mutant
tm8844	mutant
tm8845	mutant
tm8847	mutant
tm8848	mutant
tm8849	mutant
tm8850	mutant
tm8851	mutant
tm8852	mutant
tm8854	mutant
tm8855	mutant
tm8857	mutant
tm8858	mutant
tm8859	mutant
tm8860	mutant
tm8862	mutant
tm8863	mutant
tm8865	mutant
tm8866	mutant
tm8868	mutant
tm8869	mutant
tm8870	mutant
tm8871	mutant
tm8872	mutant
tm8873	mutant
tm8874	mutant
tm8875	mutant
tm8877	mutant
tm8878	mutant
tm8880	mutant
tm8881	mutant
tm8882	mutant
tm8883	mutant
tm8885	mutant
tm8886	mutant
tm8887	mutant
tm8888	mutant
tm8889	mutant
tm8890	mutant
tm8891	mutant
tm8892	mutant
tm8893	mutant
tm8894	mutant
tm8895	mutant
tm8896	mutant
tm8897	mutant
tm8898	mutant
tm8899	mutant
tm8900	mutant
tm8902	mutant
tm8903	mutant
tm8904	mutant
tm8905	mutant
tm8907	mutant
tm8908	mutant
tm8909	mutant
tm8910	mutant
tm8912	mutant
tm8914	mutant
tm10005	mutant
tm8915	mutant
tm8918	mutant
tm8919	mutant
tm8920	mutant
tm8921	mutant
tm8922	mutant
tm8923	mutant
tm8924	mutant
tm8925	mutant
tm8926	mutant
tm8927	mutant
tm8928	mutant
tm8930	mutant
tm8931	mutant
tm8932	mutant
tm8933	mutant
tm8935	mutant
tm8936	mutant
tm8937	mutant
tm8938	mutant
tm8939	mutant
tm8940	mutant
tm8941	mutant
tm8943	mutant
tm8944	mutant
tm8945	mutant
tm8946	mutant
tm8947	mutant
tm8948	mutant
tm8949	mutant
tm8951	mutant
tm8952	mutant
tm8953	mutant
tm8954	mutant
tm8955	mutant
tm8956	mutant
tm8958	mutant
tm8959	mutant
tm8960	mutant
tm8961	mutant
tm8962	mutant
tm8963	mutant
tm8965	mutant
tm8966	mutant
tm8967	mutant
tm8968	mutant
tm8970	mutant
tm8971	mutant
tm8972	mutant
tm8973	mutant
tm8974	mutant
tm8975	mutant
tm8976	mutant
tm8980	mutant
tm8982	mutant
tm8983	mutant
tm8984	mutant
tm8985	mutant
tm8986	mutant
tm8987	mutant
tm8988	mutant
tm8989	mutant
tm8990	mutant
tm8992	mutant
tm8998	mutant
tm8999	mutant
tm9000	mutant
tm10001	mutant
tm10002	mutant
tm10003	mutant
tm10004	mutant
tm10043	mutant
tm10044	mutant
tm10053	mutant
tm10071	mutant
tm10073	mutant
tm10075	mutant
tm10097	mutant
tm10099	mutant
tm10100	mutant
tm10047	mutant
tm10046	mutant
tm10048	mutant
tm10049	mutant
tm10072	mutant
tm10050	mutant
tm10051	mutant
tm10052	mutant
tm10064	mutant
tm10055	mutant
tm10056	mutant
tm10061	mutant
tm10062	mutant
tm10063	mutant
tm10088	mutant
tm10089	mutant
tm10090	mutant
tm10092	mutant
tm10091	mutant
tm10094	mutant
tm10093	mutant
tm10058	mutant
tm10059	mutant
tm10060	mutant
tm10069	mutant
tm10070	mutant
tm10076	mutant
tm10077	mutant
tm10096	mutant
tm10101	mutant
tm10102	mutant
tm10078	mutant
tm10079	mutant
tm10080	mutant
tm10081	mutant
tm10082	mutant
tm10084	mutant
tm10085	mutant
tm10086	mutant
tm10087	mutant
tm10027	mutant
tm10028	mutant
tm10029	mutant
tm10030	mutant
tm10031	mutant
tm10032	mutant
tm10034	mutant
tm10035	mutant
tm10036	mutant
tm10037	mutant
tm10065	mutant
tm10066	mutant
tm10068	mutant
tm10038	mutant
tm10039	mutant
tm10040	mutant
tm10041	mutant
tm10042	mutant
tm10130	mutant
tm10131	mutant
tm10132	mutant
tm10133	mutant
tm10134	mutant
tm10135	mutant
tm10136	mutant
tm10137	mutant
tm10138	mutant
tm10139	mutant
tm10140	mutant
tm10141	mutant
tm10105	mutant
tm10104	mutant
tm10103	mutant
tm10106	mutant
tm10107	mutant
tm10109	mutant
tm10110	mutant
tm10112	mutant
tm10111	mutant
tm10113	mutant
tm10114	mutant
tm10115	mutant
tm10149	mutant
tm10150	mutant
tm10151	mutant
tm10153	mutant
tm10006	mutant
tm10007	mutant
tm10008	mutant
tm10009	mutant
tm10010	mutant
tm10011	mutant
tm10012	mutant
tm10013	mutant
tm10014	mutant
tm10015	mutant
tm10016	mutant
tm10017	mutant
tm10021	mutant
tm10022	mutant
tm10023	mutant
tm10024	mutant
tm10025	mutant
tm10095	mutant
tm10116	mutant
tm10118	mutant
tm10119	mutant
tm10120	mutant
tm10121	mutant
tm10122	mutant
tm10123	mutant
tm10124	mutant
tm10125	mutant
tm10127	mutant
tm10129	mutant
tm10144	mutant
tm10145	mutant
tm10146	mutant
tm10147	mutant
tm10148	mutant
tm8995	mutant
tm8997	mutant
tm8994	mutant
tm10155	mutant
tm10154	mutant
tm10156	mutant
tm10157	mutant
tm10158	mutant
tm10178	mutant
tm10179	mutant
tm10180	mutant
tm10181	mutant
tm10182	mutant
tm10185	mutant
tm10186	mutant
tm10187	mutant
tm10189	mutant
tm10190	mutant
tm10191	mutant
tm10163	mutant
tm10164	mutant
tm10176	mutant
tm10217	mutant
tm10218	mutant
tm10219	mutant
tm10220	mutant
tm10221	mutant
tm10222	mutant
tm10201	mutant
tm10204	mutant
tm10199	mutant
tm10192	mutant
tm10193	mutant
tm10194	mutant
tm10195	mutant
tm10197	mutant
tm10165	mutant
tm10166	mutant
tm10167	mutant
tm10168	mutant
tm10171	mutant
tm10173	mutant
tm10174	mutant
tm10175	mutant
tm10224	mutant
tm10226	mutant
tm10205	mutant
tm10210	mutant
tm10213	mutant
tm10228	mutant
tm10229	mutant
tm10230	mutant
tm10231	mutant
tm10232	mutant
tm10233	mutant
tm10236	mutant
tm10237	mutant
tm10238	mutant
tm10249	mutant
tm10250	mutant
tm10251	mutant
tm10256	mutant
tm10257	mutant
tm10253	mutant
tm10254	mutant
tm10255	mutant
tm10215	mutant
tm10239	mutant
tm10227	mutant
tm10162	mutant
tm10161	mutant
tm10160	mutant
tm10240	mutant
tm10241	mutant
tm10242	mutant
tm10244	mutant
tm10245	mutant
tm10246	mutant
tm10273	mutant
tm10258	mutant
tm10259	mutant
tm10260	mutant
tm10261	mutant
tm10262	mutant
tm10264	mutant
tm10265	mutant
tm10266	mutant
tm10267	mutant
tm10268	mutant
tm10293	mutant
tm10294	mutant
tm10295	mutant
tm10296	mutant
tm10297	mutant
tm10298	mutant
tm10269	mutant
tm10270	mutant
tm10271	mutant
tm10272	mutant
tm10248	mutant
tm10287	mutant
tm10288	mutant
tm10289	mutant
tm10290	mutant
tm10291	mutant
tm10299	mutant
tm10307	mutant
tm10308	mutant
tm10310	mutant
tm10312	mutant
tm10276	mutant
tm10277	mutant
tm10278	mutant
tm10279	mutant
tm10280	mutant
tm10282	mutant
tm10284	mutant
tm10285	mutant
tm10300	mutant
tm10301	mutant
tm10313	mutant
tm10314	mutant
tm10303	mutant
tm10304	mutant
tm10315	mutant
tm10316	mutant
tm10317	mutant
tm10318	mutant
tm10319	mutant
tm10320	mutant
tm10322	mutant
tm10327	mutant
tm10323	mutant
tm10324	mutant
tm10325	mutant
tm10302	mutant
tm10336	mutant
tm10337	mutant
tm10338	mutant
tm10339	mutant
tm10340	mutant
tm10341	mutant
tm10342	mutant
tm10343	mutant
tm10344	mutant
tm10345	mutant
tm10332	mutant
tm10333	mutant
tm10334	mutant
tm10346	mutant
tm10347	mutant
tm10348	mutant
tm10349	mutant
tm10350	mutant
tm10351	mutant
tm10352	mutant
tm10331	mutant
tm10335	mutant
tm10328	mutant
tm10329	mutant
tm10330	mutant
tm10360	mutant
tm10361	mutant
tm10362	mutant
tm10363	mutant
tm10365	mutant
tm10354	mutant
tm10355	mutant
tm10356	mutant
tm10357	mutant
tm10358	mutant
tm10359	mutant
tm10385	mutant
tm10386	mutant
tm10387	mutant
tm10389	mutant
tm10390	mutant
tm10391	mutant
tm10392	mutant
tm10393	mutant
tm10396	mutant
tm10397	mutant
tm10366	mutant
tm10367	mutant
tm10368	mutant
tm10369	mutant
tm10371	mutant
tm10372	mutant
tm10373	mutant
tm10374	mutant
tm10375	mutant
tm10376	mutant
tm10377	mutant
tm10383	mutant
tm10378	mutant
tm10379	mutant
tm10380	mutant
tm10381	mutant
tm10382	mutant
tm10401	mutant
tm10406	mutant
tm10407	mutant
tm10408	mutant
tm10409	mutant
tm10398	mutant
tm10399	mutant
tm10400	mutant
tm10411	mutant
tm10427	mutant
tm10428	mutant
tm10412	mutant
tm10413	mutant
tm10414	mutant
tm10415	mutant
tm10416	mutant
tm10417	mutant
tm10418	mutant
tm10419	mutant
tm10420	mutant
tm10421	mutant
tm10422	mutant
tm10423	mutant
tm10424	mutant
tm10429	mutant
tm10431	mutant
tm10402	mutant
tm10404	mutant
tm10405	mutant
tm10432	mutant
tm10434	mutant
tm10436	mutant
tm10437	mutant
tm10438	mutant
tm10439	mutant
tm10440	mutant
tm10441	mutant
tm10430	mutant
tm10443	mutant
tm10444	mutant
tm10446	mutant
tm10448	mutant
tm10449	mutant
tm10450	mutant
tm10451	mutant
tm10452	mutant
tm10453	mutant
tm10457	mutant
tm10454	mutant
tm10455	mutant
tm10456	mutant
tm10479	mutant
tm10480	mutant
tm10481	mutant
tm10482	mutant
tm10483	mutant
tm10484	mutant
tm10485	mutant
tm10468	mutant
tm10469	mutant
tm10470	mutant
tm10471	mutant
tm10472	mutant
tm10473	mutant
tm10474	mutant
tm10475	mutant
tm10476	mutant
tm10477	mutant
tm10478	mutant
tm10494	mutant
tm10495	mutant
tm10509	mutant
tm10510	mutant
tm10511	mutant
tm10512	mutant
tm10513	mutant
tm10514	mutant
tm10515	mutant
tm10516	mutant
tm10517	mutant
tm10458	mutant
tm10459	mutant
tm10462	mutant
tm10464	mutant
tm10466	mutant
tm10467	mutant
tm10496	mutant
tm10497	mutant
tm10498	mutant
tm10499	mutant
tm10500	mutant
tm10518	mutant
tm10519	mutant
tm10521	mutant
tm10522	mutant
tm10523	mutant
tm10524	mutant
tm10504	mutant
tm10505	mutant
tm10507	mutant
tm10508	mutant
tm10525	mutant
tm10526	mutant
tm10527	mutant
tm10530	mutant
tm10531	mutant
tm10532	mutant
tm10533	mutant
tm10534	mutant
tm10535	mutant
tm10536	mutant
tm10539	mutant
tm10403	mutant
tm10486	mutant
tm10487	mutant
tm10490	mutant
tm10491	mutant
tm10492	mutant
tm10529	mutant
tm10551	mutant
tm10552	mutant
tm10553	mutant
tm10554	mutant
tm10555	mutant
tm10556	mutant
tm10557	mutant
tm10558	mutant
tm10559	mutant
tm10560	mutant
tm10561	mutant
tm10562	mutant
tm10563	mutant
tm10564	mutant
tm10565	mutant
tm10566	mutant
tm10567	mutant
tm10568	mutant
tm10569	mutant
tm10570	mutant
tm10583	mutant
tm10584	mutant
tm10580	mutant
tm10581	mutant
tm10582	mutant
tm10501	mutant
tm10502	mutant
tm10503	mutant
tm10544	mutant
tm10595	mutant
tm10596	mutant
tm10594	mutant
tm10597	mutant
tm10598	mutant
tm10599	mutant
tm10590	mutant
tm10591	mutant
tm10611	mutant
tm10603	mutant
tm10605	mutant
tm10607	mutant
tm10600	mutant
tm10601	mutant
tm10602	mutant
tm10632	mutant
tm10633	mutant
tm10634	mutant
tm10635	mutant
tm10636	mutant
tm10637	mutant
tm10638	mutant
tm10639	mutant
tm10640	mutant
tm10610	mutant
tm10592	mutant
tm10593	mutant
tm10608	mutant
tm10609	mutant
tm10615	mutant
tm10616	mutant
tm10657	mutant
tm10658	mutant
tm10659	mutant
tm10667	mutant
tm10668	mutant
tm10669	mutant
tm10671	mutant
tm10672	mutant
tm10662	mutant
tm10663	mutant
tm10664	mutant
tm10665	mutant
tm10666	mutant
tm10545	mutant
tm10548	mutant
tm10549	mutant
tm10550	mutant
tm10573	mutant
tm10574	mutant
tm10575	mutant
tm10576	mutant
tm10577	mutant
tm10579	mutant
tm10572	mutant
tm10540	mutant
tm10541	mutant
tm10543	mutant
tm10571	mutant
tm10585	mutant
tm10586	mutant
tm10587	mutant
tm10617	mutant
tm10618	mutant
tm10619	mutant
tm10627	mutant
tm10628	mutant
tm10645	mutant
tm10646	mutant
tm10649	mutant
tm10650	mutant
tm10654	mutant
tm10655	mutant
tm10620	mutant
tm10621	mutant
tm10647	mutant
tm10623	mutant
tm10641	mutant
tm10642	mutant
tm10643	mutant
tm10651	mutant
tm10652	mutant
tm10653	mutant
tm10676	mutant
tm10677	mutant
tm10678	mutant
tm10578	mutant
tm10589	mutant
tm10673	mutant
tm10674	mutant
tm10675	mutant
tm10613	mutant
tm10612	mutant
tm10661	mutant
tm10670	mutant
tm10625	mutant
tm10626	mutant
tm10680	mutant
tm10681	mutant
tm10682	mutant
tm10685	mutant
tm10686	mutant
tm10691	mutant
tm10689	mutant
tm10690	mutant
tm10687	mutant
tm10694	mutant
tm10695	mutant
tm10696	mutant
tm10660	mutant
tm10683	mutant
tm10684	mutant
tm10588	mutant
tm10692	mutant
tm10709	mutant
tm10693	mutant
tm10614	mutant
tm10702	mutant
tm10704	mutant
tm10697	mutant
tm10698	mutant
tm10699	mutant
tm10700	mutant
tm10701	mutant
tm10631	mutant
tm10706	mutant
tm10707	mutant
tm10708	mutant
tm10710	mutant
tm10711	mutant
tm10713	mutant
tm10622	mutant
tm10679	mutant
tm10715	mutant
tm10717	mutant
tm10719	mutant
tm10716	mutant
tm10712	mutant
tm10720	mutant
tm10714	mutant
tm10425	mutant
tm10426	mutant
tm10721	mutant
tm10722	mutant
tm10723	mutant
tm10724	mutant
tm10725	mutant
tm10726	mutant
tm10733	mutant
tm10734	mutant
tm10735	mutant
tm10736	mutant
tm10737	mutant
tm10738	mutant
tm10718	mutant
tm10744	mutant
tm10743	mutant
tm10739	mutant
tm10740	mutant
tm10741	mutant
tm10742	mutant
tm10730	mutant
tm10732	mutant
tm10745	mutant
tm10746	mutant
tm10749	mutant
tm10750	mutant
tm10753	mutant
tm10754	mutant
tm10755	mutant
tm10757	mutant
tm10760	mutant
tm10761	mutant
tm10758	mutant
tm10762	mutant
tm10763	mutant
tm10764	mutant
tm10766	mutant
tm10767	mutant
tm10768	mutant
tm10778	mutant
tm10779	mutant
tm10780	mutant
tm10765	mutant
tm10769	mutant
tm10770	mutant
tm10771	mutant
tm10773	mutant
tm10759	mutant
tm10793	mutant
tm10772	mutant
tm10776	mutant
tm10777	mutant
tm10795	mutant
tm10781	mutant
tm10782	mutant
tm10783	mutant
tm10784	mutant
tm10794	mutant
tm10798	mutant
tm10799	mutant
tm10801	mutant
tm10790	mutant
tm10796	mutant
tm10797	mutant
tm10800	mutant
tm10789	mutant
tm10785	mutant
tm10786	mutant
tm10787	mutant
tm10788	mutant
tm10791	mutant
tm10810	mutant
tm10811	mutant
tm10752	mutant
tm10813	mutant
tm10814	mutant
tm10815	mutant
tm10830	mutant
tm10831	mutant
tm10832	mutant
tm10805	mutant
tm10823	mutant
tm10824	mutant
tm10825	mutant
tm10826	mutant
tm10827	mutant
tm10809	mutant
tm10828	mutant
tm10802	mutant
tm10803	mutant
tm10804	mutant
tm10806	mutant
tm10775	mutant
tm10816	mutant
tm10817	mutant
tm10818	mutant
tm10819	mutant
tm10820	mutant
tm10821	mutant
tm10822	mutant
tm10837	mutant
tm10836	mutant
tm10833	mutant
tm10834	mutant
tm10835	mutant
tm10838	mutant
tm10840	mutant
tm10792	mutant
tm10845	mutant
tm10847	mutant
tm10842	mutant
tm10812	mutant
tm10848	mutant
tm10849	mutant
tm10850	mutant
tm10851	mutant
tm10852	mutant
tm10853	mutant
tm10854	mutant
tm10855	mutant
tm10858	mutant
tm10859	mutant
tm10860	mutant
tm10861	mutant
tm10862	mutant
tm10856	mutant
tm10857	mutant
tm10863	mutant
tm10829	mutant
tm10841	mutant
tm10865	mutant
tm10868	mutant
tm10870	mutant
tm10887	mutant
tm10888	mutant
tm10878	mutant
tm10871	mutant
tm10872	mutant
tm10879	mutant
tm10880	mutant
tm10869	mutant
tm10867	mutant
tm10874	mutant
tm10876	mutant
tm10881	mutant
tm10882	mutant
tm10883	mutant
tm10884	mutant
tm10885	mutant
tm10886	mutant
tm10807	mutant
tm10844	mutant
tm10846	mutant
tm10875	mutant
tm10889	mutant
tm10890	mutant
tm10891	mutant
tm10892	mutant
tm10897	mutant
tm10898	mutant
tm10899	mutant
tm10900	mutant
tm10920	mutant
tm10921	mutant
tm10922	mutant
tm10893	mutant
tm10894	mutant
tm10895	mutant
tm10896	mutant
tm10901	mutant
tm10902	mutant
tm10903	mutant
tm10904	mutant
tm10905	mutant
tm10906	mutant
tm10907	mutant
tm10923	mutant
tm10924	mutant
tm10925	mutant
tm10926	mutant
tm10927	mutant
tm10928	mutant
tm10929	mutant
tm10930	mutant
tm10932	mutant
tm10933	mutant
tm10908	mutant
tm10934	mutant
tm10916	mutant
tm10877	mutant
tm10917	mutant
tm10918	mutant
tm10919	mutant
tm10873	mutant
tm10909	mutant
tm10910	mutant
tm10912	mutant
tm10913	mutant
tm10915	mutant
tm10951	mutant
tm10952	mutant
tm10953	mutant
tm10954	mutant
tm10935	mutant
tm10936	mutant
tm10937	mutant
tm10938	mutant
tm10941	mutant
tm10942	mutant
tm10943	mutant
tm10964	mutant
tm10955	mutant
tm10956	mutant
tm10957	mutant
tm10958	mutant
tm10959	mutant
tm10960	mutant
tm10961	mutant
tm10962	mutant
tm10963	mutant
tm10914	mutant
tm10944	mutant
tm10945	mutant
tm10946	mutant
tm10947	mutant
tm10948	mutant
tm10949	mutant
tm10950	mutant
tm10939	mutant
tm10940	mutant
tm10976	mutant
tm10977	mutant
tm10965	mutant
tm10966	mutant
tm10971	mutant
tm10972	mutant
tm10973	mutant
tm10975	mutant
tm10974	mutant
tm10967	mutant
tm10968	mutant
tm10970	mutant
tm10969	mutant
tm10988	mutant
tm10992	mutant
tm10989	mutant
tm10990	mutant
tm10993	mutant
tm10991	mutant
tm10978	mutant
tm10979	mutant
tm10980	mutant
tm10981	mutant
tm10982	mutant
tm10986	mutant
tm10987	mutant
tm10994	mutant
tm10995	mutant
tm10996	mutant
tm10997	mutant
tm10998	mutant
tm10999	mutant
tm11000	mutant
tm11001	mutant
tm11002	mutant
tm11004	mutant
tm11006	mutant
tm11005	mutant
tm11008	mutant
tm11009	mutant
tm11011	mutant
tm10983	mutant
tm10984	mutant
tm10985	mutant
tm11026	mutant
tm11027	mutant
tm11028	mutant
tm11012	mutant
tm11014	mutant
tm11015	mutant
tm11016	mutant
tm11017	mutant
tm11018	mutant
tm11019	mutant
tm11020	mutant
tm11021	mutant
tm11022	mutant
tm11023	mutant
tm11024	mutant
tm11025	mutant
tm11010	mutant
tm11034	mutant
tm11035	mutant
tm11036	mutant
tm11037	mutant
tm11038	mutant
tm11039	mutant
tm11040	mutant
tm11041	mutant
tm11042	mutant
tm11043	mutant
tm11056	mutant
tm11057	mutant
tm11058	mutant
tm11059	mutant
tm11060	mutant
tm11061	mutant
tm11062	mutant
tm11063	mutant
tm11064	mutant
tm11066	mutant
tm11065	mutant
tm11032	mutant
tm11033	mutant
tm11029	mutant
tm11030	mutant
tm11031	mutant
tm11044	mutant
tm11045	mutant
tm11046	mutant
tm11047	mutant
tm11048	mutant
tm11049	mutant
tm11079	mutant
tm11080	mutant
tm11081	mutant
tm11082	mutant
tm11083	mutant
tm11084	mutant
tm11085	mutant
tm11086	mutant
tm11087	mutant
tm11088	mutant
tm11089	mutant
tm11102	mutant
tm11103	mutant
tm11104	mutant
tm11105	mutant
tm11106	mutant
tm11107	mutant
tm11108	mutant
tm11109	mutant
tm11110	mutant
tm11111	mutant
tm11112	mutant
tm11113	mutant
tm11114	mutant
tm11115	mutant
tm11051	mutant
tm11052	mutant
tm11053	mutant
tm11054	mutant
tm11069	mutant
tm11127	mutant
tm11128	mutant
tm11130	mutant
tm11131	mutant
tm11132	mutant
tm11133	mutant
tm11134	mutant
tm11135	mutant
tm11117	mutant
tm11118	mutant
tm11119	mutant
tm11120	mutant
tm11176	mutant
tm11177	mutant
tm11178	mutant
tm11180	mutant
tm11182	mutant
tm11183	mutant
tm11184	mutant
tm11174	mutant
tm11175	mutant
tm11121	mutant
tm11122	mutant
tm11123	mutant
tm11124	mutant
tm11125	mutant
tm11126	mutant
tm11136	mutant
tm11137	mutant
tm11138	mutant
tm11147	mutant
tm11152	mutant
tm11153	mutant
tm11154	mutant
tm11155	mutant
tm11159	mutant
tm11160	mutant
tm11150	mutant
tm11151	mutant
tm11157	mutant
tm11211	mutant
tm11212	mutant
tm11213	mutant
tm11214	mutant
tm11215	mutant
tm11222	mutant
tm11223	mutant
tm11224	mutant
tm11129	mutant
tm11071	mutant
tm11072	mutant
tm11073	mutant
tm11074	mutant
tm11075	mutant
tm11076	mutant
tm11077	mutant
tm11093	mutant
tm11094	mutant
tm11095	mutant
tm11100	mutant
tm11101	mutant
tm11162	mutant
tm11164	mutant
tm11165	mutant
tm11163	mutant
tm11166	mutant
tm11167	mutant
tm11171	mutant
tm11096	mutant
tm11097	mutant
tm11098	mutant
tm11099	mutant
tm11168	mutant
tm11169	mutant
tm11170	mutant
tm7176	mutant
tm11139	mutant
tm11140	mutant
tm11185	mutant
tm11186	mutant
tm11187	mutant
tm11191	mutant
tm11192	mutant
tm11193	mutant
tm11194	mutant
tm11195	mutant
tm11196	mutant
tm11197	mutant
tm11198	mutant
tm11199	mutant
tm11200	mutant
tm11201	mutant
tm11203	mutant
tm11204	mutant
tm11205	mutant
tm11092	mutant
tm11173	mutant
tm11217	mutant
tm11070	mutant
tm11078	mutant
tm11218	mutant
tm11219	mutant
tm11220	mutant
tm11221	mutant
tm11141	mutant
tm11142	mutant
tm11143	mutant
tm11144	mutant
tm11145	mutant
tm11146	mutant
tm11116	mutant
tm11207	mutant
tm11208	mutant
tm11209	mutant
tm11210	mutant
tm11067	mutant
tm11068	mutant
tm11235	mutant
tm11236	mutant
tm11237	mutant
tm11238	mutant
tm11239	mutant
tm11240	mutant
tm11241	mutant
tm11226	mutant
tm11227	mutant
tm11228	mutant
tm11229	mutant
tm11230	mutant
tm11233	mutant
tm11234	mutant
tm11181	mutant
tm11250	mutant
tm11225	mutant
tm11243	mutant
tm11091	mutant
tm11188	mutant
tm11247	mutant
tm11249	mutant
tm11248	mutant
tm11231	mutant
tm11245	mutant
tm11246	mutant
tm11232	mutant
tm11259	mutant
tm11265	mutant
tm11266	mutant
tm11267	mutant
tm11268	mutant
tm11269	mutant
tm11261	mutant
tm11262	mutant
tm11251	mutant
tm11252	mutant
tm11253	mutant
tm11254	mutant
tm11277	mutant
tm11278	mutant
tm11279	mutant
tm11280	mutant
tm11281	mutant
tm11282	mutant
tm11260	mutant
tm11271	mutant
tm11272	mutant
tm11273	mutant
tm11274	mutant
tm11275	mutant
tm11276	mutant
tm11244	mutant
tm11257	mutant
tm11258	mutant
tm11286	mutant
tm11287	mutant
tm11206	mutant
tm11283	mutant
tm11284	mutant
tm11285	mutant
tm11302	mutant
tm11303	mutant
tm11304	mutant
tm11311	mutant
tm11312	mutant
tm11316	mutant
tm11313	mutant
tm11314	mutant
tm11255	mutant
tm11270	mutant
tm11322	mutant
tm11293	mutant
tm11294	mutant
tm11295	mutant
tm11296	mutant
tm11297	mutant
tm11298	mutant
tm11299	mutant
tm11300	mutant
tm11317	mutant
tm11321	mutant
tm11318	mutant
tm11319	mutant
tm11320	mutant
tm11291	mutant
tm11292	mutant
tm11288	mutant
tm11289	mutant
tm11290	mutant
tm11307	mutant
tm11308	mutant
tm11309	mutant
tm11310	mutant
tm11330	mutant
tm11331	mutant
tm11332	mutant
tm11333	mutant
tm11334	mutant
tm11336	mutant
tm11337	mutant
tm11338	mutant
tm11339	mutant
tm11161	mutant
tm11306	mutant
tm11242	mutant
tm11350	mutant
tm11323	mutant
tm11324	mutant
tm11325	mutant
tm11326	mutant
tm11327	mutant
tm11328	mutant
tm11329	mutant
tm11263	mutant
tm11264	mutant
tm11351	mutant
tm11352	mutant
tm11353	mutant
tm11354	mutant
tm11374	mutant
tm11371	mutant
tm11372	mutant
tm11373	mutant
tm11377	mutant
tm11388	mutant
tm11389	mutant
tm11390	mutant
tm11391	mutant
tm11392	mutant
tm11393	mutant
tm11356	mutant
tm11361	mutant
tm11365	mutant
tm11367	mutant
tm11399	mutant
tm11400	mutant
tm11401	mutant
tm11368	mutant
tm11369	mutant
tm11370	mutant
tm11375	mutant
tm11340	mutant
tm11341	mutant
tm11342	mutant
tm11343	mutant
tm11344	mutant
tm11346	mutant
tm11347	mutant
tm11348	mutant
tm11349	mutant
tm11394	mutant
tm11395	mutant
tm11396	mutant
tm11397	mutant
tm11398	mutant
tm11366	mutant
tm11402	mutant
tm11403	mutant
tm11404	mutant
tm11305	mutant
tm11383	mutant
tm11380	mutant
tm11382	mutant
tm11379	mutant
tm11256	mutant
tm11364	mutant
tm11384	mutant
tm11381	mutant
tm11385	mutant
tm11386	mutant
tm11405	mutant
tm11406	mutant
tm11407	mutant
tm11376	mutant
tm11335	mutant
tm11408	mutant
tm11409	mutant
tm11357	mutant
tm11360	mutant
tm11362	mutant
tm11363	mutant
tm11355	mutant
tm11410	mutant
tm11411	mutant
tm11378	mutant
tm11417	mutant
tm11418	mutant
tm11419	mutant
tm11420	mutant
tm11421	mutant
tm11422	mutant
tm11423	mutant
tm11424	mutant
tm11425	mutant
tm11412	mutant
tm11415	mutant
tm11416	mutant
tm11426	mutant
tm11427	mutant
tm11428	mutant
tm11413	mutant
tm11414	mutant
tm11429	mutant
tm11431	mutant
tm11430	mutant
tm11432	mutant
tm11453	mutant
tm11454	mutant
tm11455	mutant
tm11456	mutant
tm11457	mutant
tm11446	mutant
tm11447	mutant
tm11448	mutant
tm11449	mutant
tm11450	mutant
tm11451	mutant
tm11452	mutant
tm11433	mutant
tm11434	mutant
tm11435	mutant
tm11436	mutant
tm11437	mutant
tm11438	mutant
tm11439	mutant
tm11440	mutant
tm11441	mutant
tm11442	mutant
tm11459	mutant
tm11443	mutant
tm11444	mutant
tm11445	mutant
tm11470	mutant
tm11471	mutant
tm11472	mutant
tm11473	mutant
tm11460	mutant
tm11461	mutant
tm11463	mutant
tm11464	mutant
tm11467	mutant
tm11468	mutant
tm11465	mutant
tm11466	mutant
tm11482	mutant
tm11483	mutant
tm11484	mutant
tm11479	mutant
tm11480	mutant
tm11481	mutant
tm11462	mutant
tm11485	mutant
tm11486	mutant
tm11474	mutant
tm11475	mutant
tm11476	mutant
tm11478	mutant
tm11487	mutant
tm11488	mutant
tm11489	mutant
tm11477	mutant
tm11490	mutant
tm11491	mutant
tm11492	mutant
tm11493	mutant
tm11494	mutant
tm11496	mutant
tm11497	mutant
tm11516	mutant
tm11517	mutant
tm11518	mutant
tm11519	mutant
tm11520	mutant
tm11521	mutant
tm11509	mutant
tm11510	mutant
tm11511	mutant
tm11512	mutant
tm11513	mutant
tm11514	mutant
tm11515	mutant
tm11522	mutant
tm11523	mutant
tm11524	mutant
tm11525	mutant
tm11526	mutant
tm11527	mutant
tm11528	mutant
tm11529	mutant
tm11530	mutant
tm11531	mutant
tm11532	mutant
tm11533	mutant
tm11534	mutant
tm11535	mutant
tm11498	mutant
tm11499	mutant
tm11500	mutant
tm11501	mutant
tm11502	mutant
tm11503	mutant
tm11504	mutant
tm11505	mutant
tm11507	mutant
tm11506	mutant
tm11537	mutant
tm11538	mutant
tm11539	mutant
tm11540	mutant
tm11541	mutant
tm11542	mutant
tm11543	mutant
tm11544	mutant
tm11546	mutant
tm11547	mutant
tm11548	mutant
tm11550	mutant
tm11551	mutant
tm11562	mutant
tm11563	mutant
tm11564	mutant
tm11565	mutant
tm11566	mutant
tm11567	mutant
tm11568	mutant
tm11569	mutant
tm11552	mutant
tm11553	mutant
tm11554	mutant
tm11555	mutant
tm11556	mutant
tm11557	mutant
tm11558	mutant
tm11559	mutant
tm11560	mutant
tm11561	mutant
tm11597	mutant
tm11598	mutant
tm11599	mutant
tm11600	mutant
tm11601	mutant
tm11602	mutant
tm11603	mutant
tm11604	mutant
tm11605	mutant
tm11606	mutant
tm11595	mutant
tm11596	mutant
tm11580	mutant
tm11581	mutant
tm11586	mutant
tm11591	mutant
tm11592	mutant
tm11593	mutant
tm11594	mutant
tm11582	mutant
tm11583	mutant
tm11584	mutant
tm11585	mutant
tm11632	mutant
tm11633	mutant
tm11634	mutant
tm11635	mutant
tm11636	mutant
tm11637	mutant
tm11650	mutant
tm11652	mutant
tm11653	mutant
tm11654	mutant
tm11655	mutant
tm11656	mutant
tm11657	mutant
tm11658	mutant
tm11588	mutant
tm11589	mutant
tm11590	mutant
tm11619	mutant
tm11620	mutant
tm11621	mutant
tm11622	mutant
tm11624	mutant
tm11626	mutant
tm11623	mutant
tm11625	mutant
tm11627	mutant
tm11628	mutant
tm11629	mutant
tm11630	mutant
tm11631	mutant
tm11639	mutant
tm11640	mutant
tm11638	mutant
tm11659	mutant
tm11660	mutant
tm11661	mutant
tm11663	mutant
tm11664	mutant
tm11665	mutant
tm11667	mutant
tm11671	mutant
tm11672	mutant
tm11668	mutant
tm11669	mutant
tm11694	mutant
tm11695	mutant
tm11572	mutant
tm11579	mutant
tm11607	mutant
tm11610	mutant
tm11612	mutant
tm11576	mutant
tm11616	mutant
tm11570	mutant
tm11573	mutant
tm11571	mutant
tm11613	mutant
tm11574	mutant
tm11575	mutant
tm11614	mutant
tm11615	mutant
tm11617	mutant
tm11618	mutant
tm11645	mutant
tm11577	mutant
tm11646	mutant
tm11647	mutant
tm11648	mutant
tm11649	mutant
tm11673	mutant
tm11676	mutant
tm11677	mutant
tm11683	mutant
tm11578	mutant
tm11643	mutant
tm11644	mutant
tm11674	mutant
tm11675	mutant
tm11678	mutant
tm11642	mutant
tm11712	mutant
tm11713	mutant
tm11714	mutant
tm11715	mutant
tm11716	mutant
tm11670	mutant
tm11684	mutant
tm11686	mutant
tm11687	mutant
tm11688	mutant
tm11689	mutant
tm11690	mutant
tm11691	mutant
tm11692	mutant
tm11587	mutant
tm11699	mutant
tm11701	mutant
tm11702	mutant
tm11703	mutant
tm11704	mutant
tm11705	mutant
tm11706	mutant
tm11707	mutant
tm11708	mutant
tm11709	mutant
tm11710	mutant
tm11711	mutant
tm11681	mutant
tm11682	mutant
tm11721	mutant
tm11718	mutant
tm11720	mutant
tm11722	mutant
tm11723	mutant
tm11724	mutant
tm11728	mutant
tm11729	mutant
tm11730	mutant
tm11731	mutant
tm11732	mutant
tm11733	mutant
tm11756	mutant
tm11758	mutant
tm11759	mutant
tm11760	mutant
tm11761	mutant
tm11763	mutant
tm11764	mutant
tm11765	mutant
tm11767	mutant
tm11768	mutant
tm11697	mutant
tm11698	mutant
tm11734	mutant
tm11735	mutant
tm11736	mutant
tm11737	mutant
tm11738	mutant
tm11739	mutant
tm11741	mutant
tm11742	mutant
tm11743	mutant
tm11744	mutant
tm11745	mutant
tm11608	mutant
tm11611	mutant
tm11679	mutant
tm11680	mutant
tm11725	mutant
tm11726	mutant
tm11727	mutant
tm11746	mutant
tm11747	mutant
tm11748	mutant
tm11749	mutant
tm11750	mutant
tm11751	mutant
tm11752	mutant
tm11753	mutant
tm11754	mutant
tm11755	mutant
tm11769	mutant
tm11773	mutant
tm11771	mutant
tm11772	mutant
tm11774	mutant
tm11776	mutant
tm11775	mutant
tm11777	mutant
tm11780	mutant
tm11781	mutant
tm11782	mutant
tm11783	mutant
tm11784	mutant
tm11785	mutant
tm11786	mutant
tm11821	mutant
tm11822	mutant
tm11797	mutant
tm11799	mutant
tm11801	mutant
tm11802	mutant
tm11804	mutant
tm11805	mutant
tm11807	mutant
tm11806	mutant
tm11641	mutant
tm11808	mutant
tm11809	mutant
tm11810	mutant
tm11823	mutant
tm11824	mutant
tm11825	mutant
tm11826	mutant
tm11796	mutant
tm11800	mutant
tm11827	mutant
tm11828	mutant
tm11609	mutant
tm11833	mutant
tm11834	mutant
tm11835	mutant
tm11837	mutant
tm11838	mutant
tm11829	mutant
tm11830	mutant
tm11831	mutant
tm11832	mutant
tm11860	mutant
tm11861	mutant
tm11862	mutant
tm11863	mutant
tm11864	mutant
tm11865	mutant
tm11866	mutant
tm11839	mutant
tm11840	mutant
tm11841	mutant
tm11867	mutant
tm11868	mutant
tm11869	mutant
tm11870	mutant
tm11871	mutant
tm11872	mutant
tm11874	mutant
tm11873	mutant
tm11876	mutant
tm11875	mutant
tm11877	mutant
tm11878	mutant
tm11879	mutant
tm11880	mutant
tm11881	mutant
tm11882	mutant
tm11779	mutant
tm11787	mutant
tm11788	mutant
tm11789	mutant
tm11790	mutant
tm11791	mutant
tm11792	mutant
tm11793	mutant
tm11794	mutant
tm11795	mutant
tm11811	mutant
tm11814	mutant
tm11815	mutant
tm11816	mutant
tm11818	mutant
tm11819	mutant
tm11904	mutant
tm11905	mutant
tm11906	mutant
tm11907	mutant
tm11908	mutant
tm11909	mutant
tm11910	mutant
tm11911	mutant
tm11883	mutant
tm11885	mutant
tm11884	mutant
tm11912	mutant
tm11914	mutant
tm11913	mutant
tm11915	mutant
tm11916	mutant
tm11917	mutant
tm11918	mutant
tm11919	mutant
tm11920	mutant
tm11921	mutant
tm11842	mutant
tm11843	mutant
tm11844	mutant
tm11845	mutant
tm11847	mutant
tm11848	mutant
tm11849	mutant
tm11851	mutant
tm11852	mutant
tm11853	mutant
tm11854	mutant
tm11855	mutant
tm11856	mutant
tm11857	mutant
tm11859	mutant
tm11887	mutant
tm11888	mutant
tm11889	mutant
tm11890	mutant
tm11891	mutant
tm11892	mutant
tm11893	mutant
tm11886	mutant
tm11934	mutant
tm11935	mutant
tm11936	mutant
tm11937	mutant
tm11938	mutant
tm11939	mutant
tm11941	mutant
tm11942	mutant
tm11943	mutant
tm11944	mutant
tm11955	mutant
tm11956	mutant
tm11957	mutant
tm11958	mutant
tm11959	mutant
tm11960	mutant
tm11961	mutant
tm11962	mutant
tm11963	mutant
tm11945	mutant
tm11947	mutant
tm11948	mutant
tm11949	mutant
tm11950	mutant
tm11952	mutant
tm11953	mutant
tm11954	mutant
tm11894	mutant
tm11895	mutant
tm11896	mutant
tm11897	mutant
tm11898	mutant
tm11899	mutant
tm11900	mutant
tm11901	mutant
tm11902	mutant
tm11922	mutant
tm11923	mutant
tm11924	mutant
tm11925	mutant
tm11926	mutant
tm11927	mutant
tm11928	mutant
tm11929	mutant
tm11930	mutant
tm11931	mutant
tm11932	mutant
tm11933	mutant
tm11964	mutant
tm11965	mutant
tm11966	mutant
tm11967	mutant
tm11968	mutant
tm11969	mutant
tm11970	mutant
tm11971	mutant
tm11986	mutant
tm11990	mutant
tm11988	mutant
tm11989	mutant
tm11991	mutant
tm11992	mutant
tm11993	mutant
tm11994	mutant
tm11995	mutant
tm11996	mutant
tm11997	mutant
tm11998	mutant
tm11999	mutant
tm12000	mutant
tm11973	mutant
tm11974	mutant
tm11975	mutant
tm11976	mutant
tm11977	mutant
tm11978	mutant
tm11979	mutant
tm11980	mutant
tm11981	mutant
tm11983	mutant
tm11982	mutant
tm11984	mutant
tm11985	mutant
tm12001	mutant
tm12002	mutant
tm12016	mutant
tm12017	mutant
tm12018	mutant
tm12019	mutant
tm12021	mutant
tm12022	mutant
tm12023	mutant
tm12024	mutant
tm12025	mutant
tm12026	mutant
tm12027	mutant
tm12003	mutant
tm12004	mutant
tm12007	mutant
tm12009	mutant
tm12010	mutant
tm12011	mutant
tm12012	mutant
tm12013	mutant
tm12014	mutant
tm12015	mutant
tm12044	mutant
tm12045	mutant
tm12046	mutant
tm12047	mutant
tm12050	mutant
tm12051	mutant
tm12053	mutant
tm12054	mutant
tm12055	mutant
tm12056	mutant
tm12081	mutant
tm12082	mutant
tm12083	mutant
tm12084	mutant
tm12085	mutant
tm12086	mutant
tm12087	mutant
tm12088	mutant
tm12089	mutant
tm12090	mutant
tm12091	mutant
tm12079	mutant
tm12068	mutant
tm12092	mutant
tm12093	mutant
tm12094	mutant
tm12095	mutant
tm12096	mutant
tm12069	mutant
tm12070	mutant
tm12005	mutant
tm12008	mutant
tm12006	mutant
tm12058	mutant
tm12060	mutant
tm12061	mutant
tm12059	mutant
tm12062	mutant
tm12066	mutant
tm12067	mutant
tm12063	mutant
tm12064	mutant
tm12065	mutant
tm12107	mutant
tm12108	mutant
tm12109	mutant
tm12110	mutant
tm12111	mutant
tm12113	mutant
tm12112	mutant
tm9869	mutant
tm12097	mutant
tm12114	mutant
tm12115	mutant
tm12129	mutant
tm12028	mutant
tm12031	mutant
tm12034	mutant
tm12035	mutant
tm12041	mutant
tm12029	mutant
tm12030	mutant
tm12033	mutant
tm12042	mutant
tm12071	mutant
tm12072	mutant
tm12075	mutant
tm12036	mutant
tm12038	mutant
tm12039	mutant
tm12040	mutant
tm12131	mutant
tm12132	mutant
tm12098	mutant
tm12099	mutant
tm12100	mutant
tm12101	mutant
tm12102	mutant
tm12103	mutant
tm12105	mutant
tm12106	mutant
tm12133	mutant
tm12134	mutant
tm12135	mutant
tm12136	mutant
tm12137	mutant
tm12120	mutant
tm12121	mutant
tm12122	mutant
tm12123	mutant
tm12124	mutant
tm12125	mutant
tm12126	mutant
tm12127	mutant
tm12146	mutant
tm12147	mutant
tm12148	mutant
tm12156	mutant
tm12157	mutant
tm12158	mutant
tm12159	mutant
tm12160	mutant
tm12161	mutant
tm12162	mutant
tm12163	mutant
tm12164	mutant
tm12165	mutant
tm12138	mutant
tm12139	mutant
tm12140	mutant
tm12141	mutant
tm12142	mutant
tm12143	mutant
tm12154	mutant
tm12153	mutant
tm12152	mutant
tm12073	mutant
tm12074	mutant
tm12076	mutant
tm12077	mutant
tm12078	mutant
tm12145	mutant
tm12177	mutant
tm12178	mutant
tm12179	mutant
tm12180	mutant
tm12181	mutant
tm12182	mutant
tm12183	mutant
tm12184	mutant
tm12185	mutant
tm12175	mutant
tm12190	mutant
tm12195	mutant
tm12196	mutant
tm12197	mutant
tm12198	mutant
tm12199	mutant
tm12200	mutant
tm12201	mutant
tm12202	mutant
tm12203	mutant
tm12204	mutant
tm12205	mutant
tm12206	mutant
tm12207	mutant
tm12166	mutant
tm12168	mutant
tm12169	mutant
tm12170	mutant
tm12171	mutant
tm12191	mutant
tm12192	mutant
tm12193	mutant
tm12194	mutant
tm12208	mutant
tm12210	mutant
tm12234	mutant
tm12235	mutant
tm12236	mutant
tm12237	mutant
tm12238	mutant
tm12239	mutant
tm12240	mutant
tm12241	mutant
tm12242	mutant
tm12230	mutant
tm12231	mutant
tm12232	mutant
tm12233	mutant
tm12243	mutant
tm12186	mutant
tm12187	mutant
tm12219	mutant
tm12221	mutant
tm12222	mutant
tm12223	mutant
tm12224	mutant
tm12225	mutant
tm12226	mutant
tm12227	mutant
tm12228	mutant
tm12229	mutant
tm12250	mutant
tm12251	mutant
tm12252	mutant
tm12253	mutant
tm12254	mutant
tm12255	mutant
tm12256	mutant
tm12257	mutant
tm12258	mutant
tm12259	mutant
tm12260	mutant
tm12261	mutant
tm12245	mutant
tm12246	mutant
tm12247	mutant
tm12248	mutant
tm12249	mutant
tm12279	mutant
tm12280	mutant
tm12281	mutant
tm12287	mutant
tm12283	mutant
tm12284	mutant
tm12285	mutant
tm12286	mutant
tm12288	mutant
tm12289	mutant
tm12290	mutant
tm12291	mutant
tm12292	mutant
tm12211	mutant
tm12212	mutant
tm12213	mutant
tm12214	mutant
tm12215	mutant
tm12216	mutant
tm12217	mutant
tm12218	mutant
tm12263	mutant
tm12264	mutant
tm12265	mutant
tm12266	mutant
tm12267	mutant
tm12268	mutant
tm12269	mutant
tm12270	mutant
tm12271	mutant
tm12272	mutant
tm12275	mutant
tm12276	mutant
tm12277	mutant
tm12278	mutant
tm12293	mutant
tm12294	mutant
tm12295	mutant
tm12296	mutant
tm12297	mutant
tm12298	mutant
tm12299	mutant
tm12300	mutant
tm12301	mutant
tm12302	mutant
tm12324	mutant
tm12325	mutant
tm12326	mutant
tm12327	mutant
tm12328	mutant
tm12330	mutant
tm12329	mutant
tm12331	mutant
tm12332	mutant
tm12333	mutant
tm12334	mutant
tm12335	mutant
tm12336	mutant
tm12337	mutant
tm12338	mutant
tm12244	mutant
tm12339	mutant
tm12340	mutant
tm12341	mutant
tm12342	mutant
tm12303	mutant
tm12304	mutant
tm12305	mutant
tm12306	mutant
tm12307	mutant
tm12172	mutant
tm12173	mutant
tm12174	mutant
tm12349	mutant
tm12350	mutant
tm12351	mutant
tm12343	mutant
tm12352	mutant
tm12353	mutant
tm12354	mutant
tm12356	mutant
tm12355	mutant
tm12357	mutant
tm12358	mutant
tm12309	mutant
tm12310	mutant
tm12311	mutant
tm12312	mutant
tm12313	mutant
tm12314	mutant
tm12315	mutant
tm12128	mutant
tm12344	mutant
tm12345	mutant
tm12346	mutant
tm12347	mutant
tm12348	mutant
tm12316	mutant
tm12317	mutant
tm12318	mutant
tm12319	mutant
tm12320	mutant
tm12322	mutant
tm12323	mutant
tm12274	mutant
tm12273	mutant
tm12373	mutant
tm12374	mutant
tm12375	mutant
tm12376	mutant
tm12377	mutant
tm12379	mutant
tm12380	mutant
tm12381	mutant
tm12382	mutant
tm12383	mutant
tm12384	mutant
tm12392	mutant
tm12393	mutant
tm12394	mutant
tm12362	mutant
tm12363	mutant
tm12364	mutant
tm12386	mutant
tm12387	mutant
tm12388	mutant
tm12389	mutant
tm12391	mutant
tm12401	mutant
tm12395	mutant
tm12396	mutant
tm12398	mutant
tm12399	mutant
tm12400	mutant
tm12397	mutant
tm12359	mutant
tm12360	mutant
tm12361	mutant
tm12365	mutant
tm12366	mutant
tm12367	mutant
tm12368	mutant
tm12369	mutant
tm12370	mutant
tm12371	mutant
tm12372	mutant
tm12417	mutant
tm12418	mutant
tm12427	mutant
tm12428	mutant
tm12429	mutant
tm12430	mutant
tm12432	mutant
tm12433	mutant
tm12434	mutant
tm12435	mutant
tm12436	mutant
tm12437	mutant
tm12448	mutant
tm12450	mutant
tm12452	mutant
tm12453	mutant
tm12454	mutant
tm12456	mutant
tm12457	mutant
tm12458	mutant
tm12459	mutant
tm12460	mutant
tm12462	mutant
tm12425	mutant
tm12463	mutant
tm12464	mutant
tm12465	mutant
tm12466	mutant
tm12467	mutant
tm12468	mutant
tm12469	mutant
tm12470	mutant
tm12438	mutant
tm12439	mutant
tm12442	mutant
tm12443	mutant
tm12444	mutant
tm12445	mutant
tm12446	mutant
tm12447	mutant
tm12498	mutant
tm12499	mutant
tm12501	mutant
tm12502	mutant
tm12505	mutant
tm12506	mutant
tm12507	mutant
tm12508	mutant
tm12509	mutant
tm12510	mutant
tm12511	mutant
tm12512	mutant
tm12490	mutant
tm12491	mutant
tm12492	mutant
tm12493	mutant
tm12494	mutant
tm12495	mutant
tm12487	mutant
tm12488	mutant
tm12489	mutant
tm12513	mutant
tm12514	mutant
tm12515	mutant
tm12516	mutant
tm12517	mutant
tm12518	mutant
tm12519	mutant
tm12104	mutant
tm12404	mutant
tm12405	mutant
tm12406	mutant
tm12407	mutant
tm12402	mutant
tm12403	mutant
tm12408	mutant
tm12410	mutant
tm12411	mutant
tm12412	mutant
tm12413	mutant
tm12414	mutant
tm12415	mutant
tm12416	mutant
tm12471	mutant
tm12472	mutant
tm12473	mutant
tm12474	mutant
tm12475	mutant
tm12476	mutant
tm12477	mutant
tm12478	mutant
tm12479	mutant
tm12484	mutant
tm12485	mutant
tm12486	mutant
tm12480	mutant
tm12482	mutant
tm12483	mutant
tm12481	mutant
tm12520	mutant
tm12521	mutant
tm12522	mutant
tm12523	mutant
tm12524	mutant
tm12525	mutant
tm12526	mutant
tm12527	mutant
tm12528	mutant
tm12529	mutant
tm12530	mutant
tm12531	mutant
tm12532	mutant
tm12533	mutant
tm12534	mutant
tm12535	mutant
tm12536	mutant
tm12537	mutant
tm12538	mutant
tm12539	mutant
tm12540	mutant
tm12541	mutant
tm12542	mutant
tm12544	mutant
tm12545	mutant
tm12546	mutant
tm12547	mutant
tm12548	mutant
tm12549	mutant
tm12567	mutant
tm12568	mutant
tm12550	mutant
tm12551	mutant
tm12552	mutant
tm12553	mutant
tm12554	mutant
tm12581	mutant
tm12582	mutant
tm12584	mutant
tm12586	mutant
tm12496	mutant
tm12497	mutant
tm12562	mutant
tm12563	mutant
tm12564	mutant
tm12557	mutant
tm12558	mutant
tm12559	mutant
tm12560	mutant
tm12587	mutant
tm12589	mutant
tm12591	mutant
tm12592	mutant
tm12593	mutant
tm12594	mutant
tm12579	mutant
tm12580	mutant
tm12596	mutant
tm12597	mutant
tm12598	mutant
tm12426	mutant
tm12420	mutant
tm12421	mutant
tm12422	mutant
tm12424	mutant
tm12570	mutant
tm12571	mutant
tm12574	mutant
tm12575	mutant
tm12578	mutant
tm12576	mutant
tm12577	mutant
tm12599	mutant
tm12600	mutant
tm12601	mutant
tm12602	mutant
tm12603	mutant
tm12611	mutant
tm12612	mutant
tm12613	mutant
tm12614	mutant
tm12615	mutant
tm12607	mutant
tm12608	mutant
tm12609	mutant
tm12573	mutant
tm12616	mutant
tm12617	mutant
tm12618	mutant
tm12620	mutant
tm12621	mutant
tm12622	mutant
tm12604	mutant
tm12605	mutant
tm12606	mutant
tm12623	mutant
tm12624	mutant
tm12626	mutant
tm12627	mutant
tm12628	mutant
tm12629	mutant
tm12630	mutant
tm12632	mutant
tm12633	mutant
tm12634	mutant
tm12647	mutant
tm12649	mutant
tm12651	mutant
tm12652	mutant
tm12653	mutant
tm12655	mutant
tm12656	mutant
tm12635	mutant
tm12636	mutant
tm12637	mutant
tm12638	mutant
tm12639	mutant
tm12640	mutant
tm12641	mutant
tm12642	mutant
tm12643	mutant
tm12644	mutant
tm12645	mutant
tm12646	mutant
tm12657	mutant
tm12658	mutant
tm12659	mutant
tm12660	mutant
tm12661	mutant
tm12662	mutant
tm12676	mutant
tm12677	mutant
tm12679	mutant
tm12681	mutant
tm12682	mutant
tm12694	mutant
tm12695	mutant
tm12696	mutant
tm12697	mutant
tm12698	mutant
tm12699	mutant
tm12700	mutant
tm12717	mutant
tm12718	mutant
tm12720	mutant
tm12721	mutant
tm12722	mutant
tm12723	mutant
tm12724	mutant
tm12725	mutant
tm12726	mutant
tm12727	mutant
tm12728	mutant
tm12663	mutant
tm12664	mutant
tm12667	mutant
tm12668	mutant
tm12669	mutant
tm12670	mutant
tm12665	mutant
tm12666	mutant
tm12671	mutant
tm12672	mutant
tm12673	mutant
tm12674	mutant
tm12675	mutant
tm12685	mutant
tm12686	mutant
tm12688	mutant
tm12689	mutant
tm12690	mutant
tm12691	mutant
tm12703	mutant
tm12749	mutant
tm12750	mutant
tm12751	mutant
tm12752	mutant
tm12753	mutant
tm12755	mutant
tm12756	mutant
tm12758	mutant
tm12759	mutant
tm12760	mutant
tm12761	mutant
tm12762	mutant
tm12763	mutant
tm12765	mutant
tm12707	mutant
tm12709	mutant
tm12710	mutant
tm12711	mutant
tm12712	mutant
tm12766	mutant
tm12778	mutant
tm12779	mutant
tm12780	mutant
tm12781	mutant
tm12783	mutant
tm12784	mutant
tm12785	mutant
tm12786	mutant
tm12787	mutant
tm12788	mutant
tm12789	mutant
tm12790	mutant
tm12792	mutant
tm12793	mutant
tm12791	mutant
tm12713	mutant
tm12714	mutant
tm12704	mutant
tm12705	mutant
tm12706	mutant
tm12692	mutant
tm12693	mutant
tm12729	mutant
tm12730	mutant
tm12731	mutant
tm12715	mutant
tm12737	mutant
tm12738	mutant
tm12739	mutant
tm12740	mutant
tm12741	mutant
tm12743	mutant
tm12744	mutant
tm12745	mutant
tm12746	mutant
tm12747	mutant
tm12748	mutant
tm12742	mutant
tm12733	mutant
tm12734	mutant
tm12735	mutant
tm12701	mutant
tm12769	mutant
tm12770	mutant
tm12772	mutant
tm12773	mutant
tm12774	mutant
tm12775	mutant
tm12776	mutant
tm12777	mutant
tm12794	mutant
tm12795	mutant
tm12798	mutant
tm12805	mutant
tm12806	mutant
tm12807	mutant
tm12808	mutant
tm12809	mutant
tm12810	mutant
tm12812	mutant
tm12813	mutant
tm12814	mutant
tm12816	mutant
tm12818	mutant
tm12819	mutant
tm12820	mutant
tm12821	mutant
tm12823	mutant
tm12824	mutant
tm12825	mutant
tm12841	mutant
tm12842	mutant
tm12844	mutant
tm12845	mutant
tm12846	mutant
tm12847	mutant
tm12848	mutant
tm12849	mutant
tm12850	mutant
tm12851	mutant
tm12852	mutant
tm12853	mutant
tm12854	mutant
tm12855	mutant
tm12856	mutant
tm12857	mutant
tm12859	mutant
tm12860	mutant
tm12800	mutant
tm12801	mutant
tm12802	mutant
tm12804	mutant
tm12826	mutant
tm12827	mutant
tm12828	mutant
tm12889	mutant
tm12891	mutant
tm12892	mutant
tm12893	mutant
tm12894	mutant
tm12895	mutant
tm12896	mutant
tm12897	mutant
tm12898	mutant
tm12899	mutant
tm12900	mutant
tm12901	mutant
tm12902	mutant
tm12903	mutant
tm12920	mutant
tm12921	mutant
tm12923	mutant
tm12925	mutant
tm12926	mutant
tm12927	mutant
tm12929	mutant
tm12931	mutant
tm12932	mutant
tm12933	mutant
tm12934	mutant
tm12935	mutant
tm12829	mutant
tm12830	mutant
tm12831	mutant
tm12832	mutant
tm12833	mutant
tm12836	mutant
tm12837	mutant
tm12838	mutant
tm12839	mutant
tm12840	mutant
tm12863	mutant
tm12864	mutant
tm12868	mutant
tm12869	mutant
tm12873	mutant
tm12874	mutant
tm12875	mutant
tm12876	mutant
tm12877	mutant
tm12878	mutant
tm12879	mutant
tm12886	mutant
tm12887	mutant
tm12888	mutant
tm12885	mutant
tm12880	mutant
tm12881	mutant
tm12882	mutant
tm12884	mutant
tm12861	mutant
tm12862	mutant
tm12904	mutant
tm12905	mutant
tm12906	mutant
tm12907	mutant
tm12908	mutant
tm12909	mutant
tm12910	mutant
tm12911	mutant
tm12912	mutant
tm12799	mutant
tm12913	mutant
tm12914	mutant
tm12915	mutant
tm12916	mutant
tm12872	mutant
tm12952	mutant
tm12953	mutant
tm12954	mutant
tm12955	mutant
tm12956	mutant
tm12957	mutant
tm12960	mutant
tm12961	mutant
tm12962	mutant
tm12942	mutant
tm12943	mutant
tm12944	mutant
tm12945	mutant
tm12946	mutant
tm12947	mutant
tm12948	mutant
tm12937	mutant
tm12938	mutant
tm12939	mutant
tm12964	mutant
tm12965	mutant
tm12966	mutant
tm12967	mutant
tm12968	mutant
tm12969	mutant
tm12970	mutant
tm12972	mutant
tm12973	mutant
tm12974	mutant
tm12975	mutant
tm12976	mutant
tm12978	mutant
tm12979	mutant
tm12980	mutant
tm12981	mutant
tm12983	mutant
tm12984	mutant
tm13006	mutant
tm13007	mutant
tm13008	mutant
tm13009	mutant
tm13010	mutant
tm13011	mutant
tm13012	mutant
tm13013	mutant
tm13014	mutant
tm13016	mutant
tm13017	mutant
tm13018	mutant
tm12985	mutant
tm12986	mutant
tm12988	mutant
tm12989	mutant
tm12990	mutant
tm12991	mutant
tm12992	mutant
tm12993	mutant
tm12994	mutant
tm12995	mutant
tm12996	mutant
tm12997	mutant
tm12999	mutant
tm13000	mutant
tm13003	mutant
tm13004	mutant
tm13005	mutant
tm13039	mutant
tm13040	mutant
tm13041	mutant
tm13042	mutant
tm13044	mutant
tm13043	mutant
tm13045	mutant
tm12950	mutant
tm13036	mutant
tm13037	mutant
tm13038	mutant
tm13019	mutant
tm13020	mutant
tm13021	mutant
tm13022	mutant
tm13024	mutant
tm13025	mutant
tm13027	mutant
tm13029	mutant
tm13031	mutant
tm13033	mutant
tm13034	mutant
tm13046	mutant
tm13047	mutant
tm13048	mutant
tm13049	mutant
tm13050	mutant
tm13051	mutant
tm13052	mutant
tm13053	mutant
tm13054	mutant
tm13055	mutant
tm13056	mutant
tm13072	mutant
tm13074	mutant
tm13057	mutant
tm13058	mutant
tm13059	mutant
tm13061	mutant
tm13062	mutant
tm13063	mutant
tm13064	mutant
tm13065	mutant
tm13067	mutant
tm13068	mutant
tm13069	mutant
tm13070	mutant
tm12941	mutant
tm13092	mutant
tm13093	mutant
tm13075	mutant
tm13076	mutant
tm13077	mutant
tm13078	mutant
tm13079	mutant
tm13080	mutant
tm13081	mutant
tm13082	mutant
tm13086	mutant
tm13087	mutant
tm13088	mutant
tm13089	mutant
tm13090	mutant
tm13091	mutant
tm13094	mutant
tm13095	mutant
tm13096	mutant
tm13097	mutant
tm13098	mutant
tm13099	mutant
tm13100	mutant
tm13101	mutant
tm13107	mutant
tm13108	mutant
tm13110	mutant
tm13111	mutant
tm13102	mutant
tm13103	mutant
tm13104	mutant
tm13105	mutant
tm13106	mutant
tm13128	mutant
tm13130	mutant
tm13131	mutant
tm13132	mutant
tm13133	mutant
tm13134	mutant
tm13135	mutant
tm13136	mutant
tm13137	mutant
tm13138	mutant
tm13141	mutant
tm13142	mutant
tm13114	mutant
tm13115	mutant
tm13116	mutant
tm13117	mutant
tm13118	mutant
tm13119	mutant
tm13120	mutant
tm13121	mutant
tm13122	mutant
tm13123	mutant
tm13124	mutant
tm13125	mutant
tm13126	mutant
tm13127	mutant
tm13144	mutant
tm13145	mutant
tm13146	mutant
tm13149	mutant
tm13150	mutant
tm13152	mutant
tm13153	mutant
tm13154	mutant
tm13155	mutant
tm13156	mutant
tm13157	mutant
tm13158	mutant
tm13159	mutant
tm13160	mutant
tm13161	mutant
tm13162	mutant
tm13169	mutant
tm13170	mutant
tm13171	mutant
tm13172	mutant
tm13164	mutant
tm13165	mutant
tm13166	mutant
tm13167	mutant
tm13168	mutant
tm13174	mutant
tm13175	mutant
tm13176	mutant
tm13177	mutant
tm13178	mutant
tm13179	mutant
tm13180	mutant
tm13181	mutant
tm13192	mutant
tm13194	mutant
tm13196	mutant
tm13197	mutant
tm13198	mutant
tm13199	mutant
tm13200	mutant
tm13201	mutant
tm13230	mutant
tm13231	mutant
tm13233	mutant
tm13234	mutant
tm13243	mutant
tm13245	mutant
tm13246	mutant
tm13249	mutant
tm13250	mutant
tm13251	mutant
tm13252	mutant
tm13254	mutant
tm13255	mutant
tm13256	mutant
tm13257	mutant
tm13202	mutant
tm13203	mutant
tm13204	mutant
tm13205	mutant
tm13206	mutant
tm13212	mutant
tm13213	mutant
tm13214	mutant
tm13215	mutant
tm13216	mutant
tm13217	mutant
tm13220	mutant
tm13112	mutant
tm13225	mutant
tm13226	mutant
tm13227	mutant
tm13228	mutant
tm13229	mutant
tm13182	mutant
tm13183	mutant
tm13184	mutant
tm13236	mutant
tm13238	mutant
tm13239	mutant
tm13237	mutant
tm13221	mutant
tm13222	mutant
tm13223	mutant
tm13224	mutant
tm13083	mutant
tm13262	mutant
tm13263	mutant
tm13265	mutant
tm13266	mutant
tm13267	mutant
tm13269	mutant
tm13271	mutant
tm13273	mutant
tm13274	mutant
tm13275	mutant
tm13276	mutant
tm13277	mutant
tm13278	mutant
tm13291	mutant
tm13292	mutant
tm13293	mutant
tm13295	mutant
tm13298	mutant
tm13299	mutant
tm13300	mutant
tm13302	mutant
tm13303	mutant
tm13304	mutant
tm13305	mutant
tm13321	mutant
tm13322	mutant
tm13323	mutant
tm13324	mutant
tm13325	mutant
tm13326	mutant
tm13328	mutant
tm13329	mutant
tm13330	mutant
tm13331	mutant
tm13333	mutant
tm13335	mutant
tm13336	mutant
tm13113	mutant
tm13279	mutant
tm13351	mutant
tm13352	mutant
tm13353	mutant
tm13354	mutant
tm13355	mutant
tm13356	mutant
tm13357	mutant
tm13358	mutant
tm13359	mutant
tm13360	mutant
tm13288	mutant
tm13289	mutant
tm13280	mutant
tm13281	mutant
tm13282	mutant
tm13283	mutant
tm13284	mutant
tm13285	mutant
tm13286	mutant
tm13306	mutant
tm13307	mutant
tm13308	mutant
tm13309	mutant
tm13310	mutant
tm13311	mutant
tm13312	mutant
tm13313	mutant
tm13314	mutant
tm13315	mutant
tm13316	mutant
tm13317	mutant
tm13318	mutant
tm13320	mutant
tm13363	mutant
tm13364	mutant
tm13366	mutant
tm13367	mutant
tm13369	mutant
tm13370	mutant
tm13371	mutant
tm13372	mutant
tm13373	mutant
tm13375	mutant
tm13376	mutant
tm13377	mutant
tm13378	mutant
tm13379	mutant
tm13380	mutant
tm13381	mutant
tm13337	mutant
tm13338	mutant
tm13339	mutant
tm13340	mutant
tm13348	mutant
tm13349	mutant
tm13398	mutant
tm13399	mutant
tm13400	mutant
tm13401	mutant
tm13402	mutant
tm13403	mutant
tm13404	mutant
tm13405	mutant
tm13408	mutant
tm13409	mutant
tm13341	mutant
tm13345	mutant
tm13346	mutant
tm13347	mutant
tm13259	mutant
tm13260	mutant
tm13241	mutant
tm13242	mutant
tm13440	mutant
tm13441	mutant
tm13442	mutant
tm13443	mutant
tm13444	mutant
tm13445	mutant
tm13446	mutant
tm13448	mutant
tm13449	mutant
tm13451	mutant
tm13452	mutant
tm13453	mutant
tm13454	mutant
tm13477	mutant
tm13478	mutant
tm13479	mutant
tm13480	mutant
tm13481	mutant
tm13482	mutant
tm13483	mutant
tm13484	mutant
tm13410	mutant
tm13412	mutant
tm13413	mutant
tm13414	mutant
tm13415	mutant
tm13416	mutant
tm13391	mutant
tm13392	mutant
tm13393	mutant
tm13394	mutant
tm13395	mutant
tm13423	mutant
tm13425	mutant
tm13396	mutant
tm13397	mutant
tm13462	mutant
tm13463	mutant
tm13464	mutant
tm13526	mutant
tm13527	mutant
tm13528	mutant
tm13530	mutant
tm13531	mutant
tm13532	mutant
tm13185	mutant
tm13388	mutant
tm13343	mutant
tm13543	mutant
tm13544	mutant
tm13546	mutant
tm13547	mutant
tm9909	mutant
tm9911	mutant
tm13570	mutant
tm13571	mutant
tm13572	mutant
tm13573	mutant
tm13574	mutant
tm13575	mutant
tm13576	mutant
tm13577	mutant
tm13578	mutant
tm13579	mutant
tm13580	mutant
tm13581	mutant
tm13582	mutant
tm13583	mutant
tm13417	mutant
tm13419	mutant
tm13420	mutant
tm13418	mutant
tm13465	mutant
tm13466	mutant
tm13468	mutant
tm13469	mutant
tm13470	mutant
tm13471	mutant
tm13472	mutant
tm13473	mutant
tm13457	mutant
tm13459	mutant
tm13460	mutant
tm13461	mutant
tm13458	mutant
tm13485	mutant
tm13487	mutant
tm13488	mutant
tm13489	mutant
tm13490	mutant
tm13491	mutant
tm13492	mutant
tm13493	mutant
tm13494	mutant
tm13495	mutant
tm13496	mutant
tm13497	mutant
tm13498	mutant
tm13499	mutant
tm13517	mutant
tm13519	mutant
tm13520	mutant
tm13502	mutant
tm13503	mutant
tm13191	mutant
tm13521	mutant
tm13524	mutant
tm13525	mutant
tm13548	mutant
tm13551	mutant
tm13552	mutant
tm13553	mutant
tm13554	mutant
tm13555	mutant
tm13585	mutant
tm13586	mutant
tm13587	mutant
tm13588	mutant
tm13589	mutant
tm13590	mutant
tm13591	mutant
tm13592	mutant
tm13593	mutant
tm13632	mutant
tm13633	mutant
tm13635	mutant
tm13636	mutant
tm13637	mutant
tm13638	mutant
tm13639	mutant
tm13640	mutant
tm13641	mutant
tm13642	mutant
tm13644	mutant
tm13384	mutant
tm13385	mutant
tm13428	mutant
tm13429	mutant
tm13430	mutant
tm13431	mutant
tm13432	mutant
tm13433	mutant
tm13434	mutant
tm13435	mutant
tm13436	mutant
tm13437	mutant
tm13438	mutant
tm13188	mutant
tm13190	mutant
tm13208	mutant
tm13209	mutant
tm13211	mutant
tm13504	mutant
tm13505	mutant
tm13506	mutant
tm13507	mutant
tm13508	mutant
tm13509	mutant
tm13084	mutant
tm13533	mutant
tm13534	mutant
tm13535	mutant
tm13537	mutant
tm13538	mutant
tm13539	mutant
tm13540	mutant
tm13556	mutant
tm13557	mutant
tm13558	mutant
tm13559	mutant
tm13560	mutant
tm13561	mutant
tm13562	mutant
tm13563	mutant
tm13564	mutant
tm13565	mutant
tm13568	mutant
tm13510	mutant
tm13511	mutant
tm13512	mutant
tm13513	mutant
tm13514	mutant
tm13516	mutant
tm13594	mutant
tm13595	mutant
tm13596	mutant
tm13597	mutant
tm13598	mutant
tm13599	mutant
tm13600	mutant
tm13602	mutant
tm13603	mutant
tm13604	mutant
tm13605	mutant
tm13606	mutant
tm13607	mutant
tm13645	mutant
tm13646	mutant
tm13650	mutant
tm13651	mutant
tm13608	mutant
tm13652	mutant
tm13653	mutant
tm13654	mutant
tm13610	mutant
tm13612	mutant
tm13613	mutant
tm13614	mutant
tm13616	mutant
tm13657	mutant
tm13658	mutant
tm13659	mutant
tm13660	mutant
tm13661	mutant
tm13662	mutant
tm13617	mutant
tm13618	mutant
tm13664	mutant
tm13620	mutant
tm13665	mutant
tm13666	mutant
tm13621	mutant
tm13667	mutant
tm13668	mutant
tm13669	mutant
tm13627	mutant
tm13628	mutant
tm13671	mutant
tm13622	mutant
tm13623	mutant
tm13624	mutant
tm13625	mutant
tm13626	mutant
tm13675	mutant
tm13676	mutant
tm13677	mutant
tm13678	mutant
tm13679	mutant
tm13681	mutant
tm13682	mutant
tm13683	mutant
tm13684	mutant
tm13685	mutant
tm13686	mutant
tm13687	mutant
tm13688	mutant
tm13689	mutant
tm13342	mutant
tm13691	mutant
tm13692	mutant
tm13694	mutant
tm13696	mutant
tm13697	mutant
tm13698	mutant
tm13699	mutant
tm13700	mutant
tm13703	mutant
tm13705	mutant
tm13706	mutant
tm13707	mutant
tm13708	mutant
tm13709	mutant
tm13710	mutant
tm13711	mutant
tm13712	mutant
tm13713	mutant
tm13715	mutant
tm13717	mutant
tm13719	mutant
tm13720	mutant
tm13187	mutant
tm13721	mutant
tm13723	mutant
tm13724	mutant
tm13725	mutant
tm13727	mutant
tm13728	mutant
tm13730	mutant
tm13731	mutant
tm13732	mutant
tm13733	mutant
tm13734	mutant
tm13735	mutant
tm13736	mutant
tm13740	mutant
tm13741	mutant
tm13742	mutant
tm13744	mutant
tm13745	mutant
tm13746	mutant
tm13747	mutant
tm13748	mutant
tm13749	mutant
tm13750	mutant
tm13751	mutant
tm13752	mutant
tm13753	mutant
tm13672	mutant
tm13673	mutant
tm13189	mutant
tm13755	mutant
tm13756	mutant
tm13757	mutant
tm13758	mutant
tm13759	mutant
tm13760	mutant
tm13761	mutant
tm13762	mutant
tm13763	mutant
tm13764	mutant
tm13765	mutant
tm13766	mutant
tm13767	mutant
tm13768	mutant
tm13771	mutant
tm13772	mutant
tm13773	mutant
tm13774	mutant
tm13780	mutant
tm13781	mutant
tm13782	mutant
tm13783	mutant
tm13785	mutant
tm13786	mutant
tm13787	mutant
tm13788	mutant
tm13789	mutant
tm13790	mutant
tm13791	mutant
tm13792	mutant
tm13793	mutant
tm13794	mutant
tm13795	mutant
tm13796	mutant
tm13806	mutant
tm13807	mutant
tm13808	mutant
tm13809	mutant
tm13810	mutant
tm13811	mutant
tm13812	mutant
tm13814	mutant
tm13815	mutant
tm13816	mutant
tm13421	mutant
tm13817	mutant
tm13818	mutant
tm13819	mutant
tm13820	mutant
tm13822	mutant
tm13823	mutant
tm13824	mutant
tm13825	mutant
tm13826	mutant
tm13827	mutant
tm13828	mutant
tm13829	mutant
tm13830	mutant
tm13831	mutant
tm13832	mutant
tm13834	mutant
tm13835	mutant
tm13838	mutant
tm13839	mutant
tm13840	mutant
tm13841	mutant
tm13842	mutant
tm13843	mutant
tm13844	mutant
tm13845	mutant
tm13846	mutant
tm13847	mutant
tm13848	mutant
tm13849	mutant
tm13850	mutant
tm13855	mutant
tm13857	mutant
tm13858	mutant
tm13859	mutant
tm13837	mutant
tm13860	mutant
tm13861	mutant
tm13864	mutant
tm13865	mutant
tm13866	mutant
tm13867	mutant
tm13868	mutant
tm13869	mutant
tm13870	mutant
tm13455	mutant
tm13775	mutant
tm13777	mutant
tm13778	mutant
tm13779	mutant
tm13797	mutant
tm13798	mutant
tm13799	mutant
tm13800	mutant
tm13801	mutant
tm13802	mutant
tm13803	mutant
tm13805	mutant
tm13877	mutant
tm13878	mutant
tm13879	mutant
tm13880	mutant
tm13881	mutant
tm13882	mutant
tm13887	mutant
tm13888	mutant
tm13889	mutant
tm13890	mutant
tm13891	mutant
tm13892	mutant
tm13893	mutant
tm13894	mutant
tm13895	mutant
tm13896	mutant
tm13906	mutant
tm13907	mutant
tm13908	mutant
tm13909	mutant
tm13910	mutant
tm13911	mutant
tm13912	mutant
tm13913	mutant
tm13914	mutant
tm13915	mutant
tm13919	mutant
tm13920	mutant
tm13921	mutant
tm13922	mutant
tm13926	mutant
tm13928	mutant
tm13929	mutant
tm13930	mutant
tm13931	mutant
tm13932	mutant
tm13933	mutant
tm13923	mutant
tm13924	mutant
tm13925	mutant
tm13871	mutant
tm13872	mutant
tm13873	mutant
tm13874	mutant
tm13875	mutant
tm13885	mutant
tm13876	mutant
tm13899	mutant
tm13900	mutant
tm13901	mutant
tm13902	mutant
tm13903	mutant
tm13897	mutant
tm13917	mutant
tm13918	mutant
tm13934	mutant
tm13935	mutant
tm13941	mutant
tm13943	mutant
tm13944	mutant
tm13945	mutant
tm13946	mutant
tm13947	mutant
tm13936	mutant
tm13937	mutant
tm13938	mutant
tm13940	mutant
tm13958	mutant
tm13959	mutant
tm13960	mutant
tm13961	mutant
tm13962	mutant
tm13964	mutant
tm13965	mutant
tm13967	mutant
tm13948	mutant
tm13949	mutant
tm13950	mutant
tm13951	mutant
tm13952	mutant
tm13953	mutant
tm13954	mutant
tm13955	mutant
tm13956	mutant
tm13957	mutant
tm13982	mutant
tm13983	mutant
tm13984	mutant
tm13985	mutant
tm13986	mutant
tm13987	mutant
tm13988	mutant
tm13989	mutant
tm13990	mutant
tm13992	mutant
tm13991	mutant
tm13993	mutant
tm13994	mutant
tm13995	mutant
tm13996	mutant
tm13997	mutant
tm13998	mutant
tm14000	mutant
tm14002	mutant
tm14003	mutant
tm14005	mutant
tm14006	mutant
tm14007	mutant
tm14008	mutant
tm13968	mutant
tm13969	mutant
tm13970	mutant
tm13971	mutant
tm13973	mutant
tm13974	mutant
tm13975	mutant
tm13977	mutant
tm13980	mutant
tm14009	mutant
tm14010	mutant
tm14011	mutant
tm14012	mutant
tm14020	mutant
tm14021	mutant
tm14022	mutant
tm14023	mutant
tm14024	mutant
tm14025	mutant
tm14026	mutant
tm14027	mutant
tm14028	mutant
tm14013	mutant
tm14014	mutant
tm14016	mutant
tm14017	mutant
tm14019	mutant
tm14033	mutant
tm14034	mutant
tm14035	mutant
tm14036	mutant
tm14037	mutant
tm14038	mutant
tm14039	mutant
tm14040	mutant
tm14041	mutant
tm14042	mutant
tm14043	mutant
tm14044	mutant
tm14045	mutant
tm14046	mutant
tm14047	mutant
tm14048	mutant
tm14049	mutant
tm14050	mutant
tm14051	mutant
tm14052	mutant
tm14053	mutant
tm14054	mutant
tm14058	mutant
tm14060	mutant
tm14061	mutant
tm14062	mutant
tm14063	mutant
tm14078	mutant
tm14079	mutant
tm14081	mutant
tm14082	mutant
tm14083	mutant
tm14084	mutant
tm14085	mutant
tm14086	mutant
tm14055	mutant
tm14056	mutant
tm14065	mutant
tm14073	mutant
tm14074	mutant
tm14075	mutant
tm14076	mutant
tm14077	mutant
tm14094	mutant
tm14095	mutant
tm14096	mutant
tm14066	mutant
tm14067	mutant
tm14069	mutant
tm14070	mutant
tm14071	mutant
tm14072	mutant
tm14087	mutant
tm14088	mutant
tm14089	mutant
tm14090	mutant
tm14091	mutant
tm14092	mutant
tm13905	mutant
tm14109	mutant
tm14111	mutant
tm14112	mutant
tm14113	mutant
tm14114	mutant
tm14115	mutant
tm14116	mutant
tm14117	mutant
tm14118	mutant
tm14119	mutant
tm14120	mutant
tm14121	mutant
tm14122	mutant
tm14123	mutant
tm14124	mutant
tm14125	mutant
tm14126	mutant
tm14127	mutant
tm14128	mutant
tm14105	mutant
tm14106	mutant
tm14107	mutant
tm14108	mutant
tm14138	mutant
tm14139	mutant
tm14140	mutant
tm14141	mutant
tm14097	mutant
tm14098	mutant
tm14099	mutant
tm14100	mutant
tm14143	mutant
tm14145	mutant
tm14146	mutant
tm14147	mutant
tm14148	mutant
tm14149	mutant
tm14150	mutant
tm14151	mutant
tm14152	mutant
tm14153	mutant
tm14154	mutant
tm14155	mutant
tm14101	mutant
tm14102	mutant
tm14103	mutant
tm14104	mutant
tm14130	mutant
tm14131	mutant
tm14132	mutant
tm14133	mutant
tm14134	mutant
tm14135	mutant
tm14136	mutant
tm14168	mutant
tm14169	mutant
tm14170	mutant
tm14171	mutant
tm14157	mutant
tm14158	mutant
tm14159	mutant
tm14161	mutant
tm14162	mutant
tm14163	mutant
tm14164	mutant
tm14165	mutant
tm14167	mutant
tm14173	mutant
tm14174	mutant
tm14175	mutant
tm14176	mutant
tm14177	mutant
tm14179	mutant
tm14180	mutant
tm14181	mutant
tm14182	mutant
tm14183	mutant
tm14184	mutant
tm14185	mutant
tm14186	mutant
tm14187	mutant
tm14188	mutant
tm14189	mutant
tm14190	mutant
tm14191	mutant
tm14192	mutant
tm14193	mutant
tm14194	mutant
tm14195	mutant
tm14204	mutant
tm14207	mutant
tm14208	mutant
tm14209	mutant
tm14205	mutant
tm14206	mutant
tm14210	mutant
tm14211	mutant
tm14212	mutant
tm14213	mutant
tm14214	mutant
tm14215	mutant
tm14216	mutant
tm14217	mutant
tm14219	mutant
tm14220	mutant
tm14221	mutant
tm14222	mutant
tm14223	mutant
tm14200	mutant
tm14201	mutant
tm14202	mutant
tm14203	mutant
tm14196	mutant
tm14197	mutant
tm14198	mutant
tm14199	mutant
tm14224	mutant
tm14225	mutant
tm14253	mutant
tm14226	mutant
tm14254	mutant
tm14255	mutant
tm14256	mutant
tm14257	mutant
tm14227	mutant
tm14228	mutant
tm14229	mutant
tm14230	mutant
tm14231	mutant
tm14258	mutant
tm14259	mutant
tm14232	mutant
tm14233	mutant
tm14234	mutant
tm14260	mutant
tm14235	mutant
tm14236	mutant
tm14237	mutant
tm14261	mutant
tm14262	mutant
tm14248	mutant
tm14249	mutant
tm14250	mutant
tm14251	mutant
tm14252	mutant
tm14264	mutant
tm14265	mutant
tm14266	mutant
tm14267	mutant
tm14269	mutant
tm14268	mutant
tm14270	mutant
tm14271	mutant
tm14272	mutant
tm14273	mutant
tm14274	mutant
tm14275	mutant
tm14276	mutant
tm14277	mutant
tm14278	mutant
tm14279	mutant
tm14238	mutant
tm14239	mutant
tm14240	mutant
tm14241	mutant
tm14242	mutant
tm14243	mutant
tm14244	mutant
tm14245	mutant
tm14246	mutant
tm14247	mutant
tm14280	mutant
tm14282	mutant
tm14283	mutant
tm14284	mutant
tm14285	mutant
tm14286	mutant
tm14289	mutant
tm14290	mutant
tm14291	mutant
tm14292	mutant
tm14293	mutant
tm14294	mutant
tm14281	mutant
tm14287	mutant
tm14288	mutant
tm14311	mutant
tm14312	mutant
tm14313	mutant
tm14315	mutant
tm14316	mutant
tm14317	mutant
tm14319	mutant
tm14321	mutant
tm14322	mutant
tm14323	mutant
tm14324	mutant
tm14296	mutant
tm14298	mutant
tm14299	mutant
tm14302	mutant
tm14303	mutant
tm14304	mutant
tm14305	mutant
tm14306	mutant
tm14307	mutant
tm14308	mutant
tm14309	mutant
tm14310	mutant
tm14325	mutant
tm14326	mutant
tm14327	mutant
tm14328	mutant
tm14329	mutant
tm14330	mutant
tm14331	mutant
tm14332	mutant
tm14333	mutant
tm14334	mutant
tm14335	mutant
tm14336	mutant
tm14337	mutant
tm14338	mutant
tm14339	mutant
tm14340	mutant
tm14341	mutant
tm14342	mutant
tm14343	mutant
tm14344	mutant
tm14345	mutant
tm14346	mutant
tm14347	mutant
tm14348	mutant
tm14349	mutant
tm14350	mutant
tm14351	mutant
tm14352	mutant
tm14353	mutant
tm14354	mutant
tm14355	mutant
tm14356	mutant
tm14357	mutant
tm14358	mutant
tm14359	mutant
tm14360	mutant
tm14361	mutant
tm14363	mutant
tm14364	mutant
tm14365	mutant
tm14367	mutant
tm14368	mutant
tm14369	mutant
tm14370	mutant
tm14372	mutant
tm14373	mutant
tm14374	mutant
tm14375	mutant
tm14376	mutant
tm14377	mutant
tm14378	mutant
tm14379	mutant
tm14380	mutant
tm14382	mutant
tm14383	mutant
tm14384	mutant
tm14385	mutant
tm14386	mutant
tm14387	mutant
tm14388	mutant
tm14389	mutant
tm14412	mutant
tm14413	mutant
tm14414	mutant
tm14426	mutant
tm14428	mutant
tm14432	mutant
tm14433	mutant
tm14434	mutant
tm14435	mutant
tm14437	mutant
tm14438	mutant
tm14439	mutant
tm14440	mutant
tm14390	mutant
tm14391	mutant
tm14392	mutant
tm14393	mutant
tm14394	mutant
tm14395	mutant
tm14396	mutant
tm14397	mutant
tm14398	mutant
tm14399	mutant
tm14400	mutant
tm14401	mutant
tm14404	mutant
tm14405	mutant
tm14406	mutant
tm14409	mutant
tm14415	mutant
tm14416	mutant
tm14421	mutant
tm14423	mutant
tm14424	mutant
tm14425	mutant
tm14417	mutant
tm14418	mutant
tm14407	mutant
tm14420	mutant
tm14448	mutant
tm14449	mutant
tm14450	mutant
tm14458	mutant
tm14459	mutant
tm14460	mutant
tm14461	mutant
tm14462	mutant
tm14463	mutant
tm14464	mutant
tm14465	mutant
tm14467	mutant
tm14468	mutant
tm14469	mutant
tm14470	mutant
tm14451	mutant
tm14452	mutant
tm14453	mutant
tm14454	mutant
tm14455	mutant
tm14456	mutant
tm14457	mutant
tm14441	mutant
tm14442	mutant
tm14443	mutant
tm14444	mutant
tm14445	mutant
tm14446	mutant
tm14447	mutant
tm14471	mutant
tm14472	mutant
tm14473	mutant
tm14474	mutant
tm14475	mutant
tm14476	mutant
tm14478	mutant
tm14479	mutant
tm14480	mutant
tm14481	mutant
tm14483	mutant
tm14484	mutant
tm14485	mutant
tm14486	mutant
tm14487	mutant
tm14489	mutant
tm14490	mutant
tm14491	mutant
tm14492	mutant
tm14496	mutant
tm14493	mutant
tm14494	mutant
tm14495	mutant
tm14497	mutant
tm14498	mutant
tm14499	mutant
tm14500	mutant
tm14501	mutant
tm14502	mutant
tm14503	mutant
tm14504	mutant
tm14505	mutant
tm14506	mutant
tm14507	mutant
tm14508	mutant
tm14509	mutant
tm14510	mutant
tm14512	mutant
tm14513	mutant
tm14514	mutant
tm14515	mutant
tm14516	mutant
tm14517	mutant
tm14537	mutant
tm14538	mutant
tm14539	mutant
tm14540	mutant
tm14541	mutant
tm14542	mutant
tm14543	mutant
tm14544	mutant
tm14545	mutant
tm14546	mutant
tm14547	mutant
tm14548	mutant
tm14549	mutant
tm14550	mutant
tm14551	mutant
tm14552	mutant
tm14553	mutant
tm14554	mutant
tm14555	mutant
tm14523	mutant
tm14524	mutant
tm14518	mutant
tm14519	mutant
tm14521	mutant
tm14522	mutant
tm14520	mutant
tm14525	mutant
tm14526	mutant
tm14527	mutant
tm14535	mutant
tm14536	mutant
tm14529	mutant
tm14530	mutant
tm14531	mutant
tm14532	mutant
tm14533	mutant
tm14534	mutant
tm14556	mutant
tm14557	mutant
tm14558	mutant
tm14559	mutant
tm14560	mutant
tm14562	mutant
tm14563	mutant
tm14564	mutant
tm14567	mutant
tm14568	mutant
tm14569	mutant
tm14571	mutant
tm14565	mutant
tm14570	mutant
tm14419	mutant
tm14573	mutant
tm14574	mutant
tm14576	mutant
tm14578	mutant
tm14583	mutant
tm14584	mutant
tm14579	mutant
tm14580	mutant
tm14581	mutant
tm14582	mutant
tm14596	mutant
tm14597	mutant
tm14598	mutant
tm14599	mutant
tm14600	mutant
tm14585	mutant
tm14586	mutant
tm14587	mutant
tm14588	mutant
tm14589	mutant
tm14590	mutant
tm14591	mutant
tm14592	mutant
tm14593	mutant
tm14601	mutant
tm14602	mutant
tm14603	mutant
tm14604	mutant
tm14606	mutant
tm14607	mutant
tm14608	mutant
tm14609	mutant
tm14610	mutant
tm14611	mutant
tm14612	mutant
tm14613	mutant
tm14614	mutant
tm14633	mutant
tm14635	mutant
tm14636	mutant
tm14638	mutant
tm14640	mutant
tm14641	mutant
tm14642	mutant
tm14643	mutant
tm14644	mutant
tm14615	mutant
tm14616	mutant
tm14617	mutant
tm14618	mutant
tm14619	mutant
tm14620	mutant
tm14621	mutant
tm14622	mutant
tm14623	mutant
tm14624	mutant
tm14625	mutant
tm14626	mutant
tm14628	mutant
tm14629	mutant
tm14630	mutant
tm14631	mutant
tm14632	mutant
tm14653	mutant
tm14654	mutant
tm14655	mutant
tm14656	mutant
tm14657	mutant
tm14645	mutant
tm14646	mutant
tm14647	mutant
tm14648	mutant
tm14649	mutant
tm14650	mutant
tm14651	mutant
tm14658	mutant
tm14659	mutant
tm14660	mutant
tm14661	mutant
tm14662	mutant
tm14663	mutant
tm14664	mutant
tm14665	mutant
tm14684	mutant
tm14686	mutant
tm14687	mutant
tm14688	mutant
tm14689	mutant
tm14690	mutant
tm14691	mutant
tm14692	mutant
tm14693	mutant
tm14694	mutant
tm14667	mutant
tm14668	mutant
tm14670	mutant
tm14671	mutant
tm14669	mutant
tm14672	mutant
tm14673	mutant
tm14675	mutant
tm14676	mutant
tm14678	mutant
tm14679	mutant
tm14680	mutant
tm14677	mutant
tm14682	mutant
tm14704	mutant
tm14705	mutant
tm14706	mutant
tm14707	mutant
tm14708	mutant
tm14709	mutant
tm14710	mutant
tm14711	mutant
tm14712	mutant
tm14713	mutant
tm14714	mutant
tm14715	mutant
tm14716	mutant
tm14698	mutant
tm14697	mutant
tm14699	mutant
tm14702	mutant
tm14703	mutant
tm14695	mutant
tm14696	mutant
tm14700	mutant
tm14701	mutant
tm14717	mutant
tm14718	mutant
tm14719	mutant
tm14722	mutant
tm14723	mutant
tm14724	mutant
tm14726	mutant
tm14727	mutant
tm14728	mutant
tm14729	mutant
tm14730	mutant
tm14731	mutant
tm14732	mutant
tm14733	mutant
tm14734	mutant
tm14735	mutant
tm14736	mutant
tm14737	mutant
tm14738	mutant
tm14742	mutant
tm14739	mutant
tm14741	mutant
tm14743	mutant
tm14744	mutant
tm14745	mutant
tm14746	mutant
tm14747	mutant
tm14748	mutant
tm14750	mutant
tm14751	mutant
tm14752	mutant
tm14753	mutant
tm14754	mutant
tm14755	mutant
tm14756	mutant
tm14757	mutant
tm14758	mutant
tm14763	mutant
tm14764	mutant
tm14765	mutant
tm14766	mutant
tm14767	mutant
tm14774	mutant
tm14768	mutant
tm14769	mutant
tm14770	mutant
tm14771	mutant
tm14772	mutant
tm14773	mutant
tm14775	mutant
tm14776	mutant
tm14777	mutant
tm14759	mutant
tm14760	mutant
tm14761	mutant
tm14762	mutant
tm14778	mutant
tm14781	mutant
tm14782	mutant
tm14783	mutant
tm14786	mutant
tm14787	mutant
tm14788	mutant
tm14789	mutant
tm14790	mutant
tm14784	mutant
tm14785	mutant
tm14792	mutant
tm14793	mutant
tm14794	mutant
tm14795	mutant
tm14796	mutant
tm14797	mutant
tm14798	mutant
tm14799	mutant
tm14807	mutant
tm14808	mutant
tm14810	mutant
tm14811	mutant
tm14812	mutant
tm14814	mutant
tm14815	mutant
tm14800	mutant
tm14801	mutant
tm14802	mutant
tm14803	mutant
tm14805	mutant
tm14816	mutant
tm14817	mutant
tm14818	mutant
tm14819	mutant
tm14820	mutant
tm14821	mutant
tm14822	mutant
tm14823	mutant
tm14824	mutant
tm14825	mutant
tm14826	mutant
tm14827	mutant
tm14828	mutant
tm14829	mutant
tm14830	mutant
tm14831	mutant
tm14837	mutant
tm14839	mutant
tm14832	mutant
tm14833	mutant
tm14834	mutant
tm14835	mutant
tm14836	mutant
tm14806	mutant
tm14843	mutant
tm14844	mutant
tm14846	mutant
tm14847	mutant
tm14841	mutant
tm14842	mutant
tm14852	mutant
tm14853	mutant
tm14855	mutant
tm14856	mutant
tm14857	mutant
tm14858	mutant
tm14859	mutant
tm14860	mutant
tm14848	mutant
tm14862	mutant
tm14863	mutant
tm14867	mutant
tm14865	mutant
tm14866	mutant
tm14869	mutant
tm14870	mutant
tm14871	mutant
tm14872	mutant
tm14873	mutant
tm14874	mutant
tm14875	mutant
tm14876	mutant
tm14877	mutant
tm14878	mutant
tm14879	mutant
tm14880	mutant
tm14881	mutant
tm14882	mutant
tm14883	mutant
tm14884	mutant
tm14885	mutant
tm14886	mutant
tm14887	mutant
tm14889	mutant
tm14890	mutant
tm14891	mutant
tm14892	mutant
tm14893	mutant
tm14912	mutant
tm14913	mutant
tm14914	mutant
tm14915	mutant
tm14917	mutant
tm14916	mutant
tm14894	mutant
tm14895	mutant
tm14896	mutant
tm14897	mutant
tm14898	mutant
tm14900	mutant
tm14899	mutant
tm14901	mutant
tm14911	mutant
tm14902	mutant
tm14903	mutant
tm14904	mutant
tm14905	mutant
tm14906	mutant
tm14907	mutant
tm14908	mutant
tm14909	mutant
tm14910	mutant
tm14918	mutant
tm14919	mutant
tm14920	mutant
tm14921	mutant
tm14922	mutant
tm14923	mutant
tm14924	mutant
tm14925	mutant
tm14926	mutant
tm14927	mutant
tm14928	mutant
tm14929	mutant
tm14930	mutant
tm14931	mutant
tm14933	mutant
tm14934	mutant
tm14935	mutant
tm14936	mutant
tm14940	mutant
tm14941	mutant
tm14942	mutant
tm14944	mutant
tm14945	mutant
tm14946	mutant
tm14947	mutant
tm14948	mutant
tm14949	mutant
tm14950	mutant
tm14951	mutant
tm14952	mutant
tm14953	mutant
tm14954	mutant
tm14955	mutant
tm14957	mutant
tm14958	mutant
tm14959	mutant
tm14960	mutant
tm14961	mutant
tm14962	mutant
tm14963	mutant
tm14964	mutant
tm14965	mutant
tm14966	mutant
tm14967	mutant
tm14995	mutant
tm14996	mutant
tm14997	mutant
tm14998	mutant
tm14999	mutant
tm15001	mutant
tm15002	mutant
tm15003	mutant
tm15004	mutant
tm15005	mutant
tm15006	mutant
tm15008	mutant
tm15009	mutant
tm15010	mutant
tm15011	mutant
tm15012	mutant
tm14973	mutant
tm14974	mutant
tm14975	mutant
tm14976	mutant
tm14977	mutant
tm14978	mutant
tm14979	mutant
tm14980	mutant
tm14983	mutant
tm14984	mutant
tm14981	mutant
tm14982	mutant
tm14985	mutant
tm14990	mutant
tm14991	mutant
tm14987	mutant
tm14993	mutant
tm14994	mutant
tm14988	mutant
tm14989	mutant
tm15023	mutant
tm15024	mutant
tm15025	mutant
tm15026	mutant
tm15027	mutant
tm15028	mutant
tm15029	mutant
tm15013	mutant
tm15014	mutant
tm15015	mutant
tm15016	mutant
tm15017	mutant
tm15018	mutant
tm15020	mutant
tm15021	mutant
tm15022	mutant
tm15030	mutant
tm15031	mutant
tm15032	mutant
tm15033	mutant
tm15034	mutant
tm15035	mutant
tm15036	mutant
tm15040	mutant
tm15037	mutant
tm15038	mutant
tm15039	mutant
tm15041	mutant
tm15042	mutant
tm15043	mutant
tm15044	mutant
tm15045	mutant
tm15046	mutant
tm15047	mutant
tm15048	mutant
tm15049	mutant
tm15050	mutant
tm15051	mutant
tm14970	mutant
tm14971	mutant
tm14972	mutant
tm15056	mutant
tm15058	mutant
tm15059	mutant
tm15060	mutant
tm15061	mutant
tm15062	mutant
tm15063	mutant
tm15068	mutant
tm15069	mutant
tm15064	mutant
tm15065	mutant
tm15070	mutant
tm15066	mutant
tm15067	mutant
tm15071	mutant
tm15072	mutant
tm15073	mutant
tm15074	mutant
tm15077	mutant
tm15078	mutant
tm15079	mutant
tm15080	mutant
tm15081	mutant
tm15082	mutant
tm15083	mutant
tm15084	mutant
tm15085	mutant
tm15086	mutant
tm15087	mutant
tm15052	mutant
tm15053	mutant
tm15055	mutant
tm15088	mutant
tm15089	mutant
tm15090	mutant
tm15091	mutant
tm15092	mutant
tm15093	mutant
tm15094	mutant
tm15095	mutant
tm15096	mutant
tm15097	mutant
tm15098	mutant
tm15101	mutant
tm15102	mutant
tm15103	mutant
tm15104	mutant
tm15110	mutant
tm15112	mutant
tm14850	mutant
tm14851	mutant
tm15105	mutant
tm15106	mutant
tm15107	mutant
tm15108	mutant
tm15109	mutant
tm15117	mutant
tm15113	mutant
tm15118	mutant
tm15119	mutant
tm15114	mutant
tm15116	mutant
tm15124	mutant
tm15126	mutant
tm15121	mutant
tm15122	mutant
tm15128	mutant
tm15129	mutant
tm15130	mutant
tm15131	mutant
tm15132	mutant
tm15133	mutant
tm15135	mutant
tm15145	mutant
tm15146	mutant
tm15147	mutant
tm15148	mutant
tm15149	mutant
tm15136	mutant
tm15137	mutant
tm15138	mutant
tm15139	mutant
tm15140	mutant
tm15141	mutant
tm15142	mutant
tm15143	mutant
tm15150	mutant
tm15151	mutant
tm15152	mutant
tm15155	mutant
tm15156	mutant
tm15161	mutant
tm15162	mutant
tm15163	mutant
tm15164	mutant
tm15157	mutant
tm15158	mutant
tm15159	mutant
tm15160	mutant
tm15165	mutant
tm15167	mutant
tm15170	mutant
tm15172	mutant
tm15173	mutant
tm15174	mutant
tm15175	mutant
tm15176	mutant
tm15177	mutant
tm15178	mutant
tm15179	mutant
tm15180	mutant
tm15183	mutant
tm15184	mutant
tm15186	mutant
tm15188	mutant
tm15189	mutant
tm15190	mutant
tm15191	mutant
tm15187	mutant
tm15181	mutant
tm15182	mutant
tm15193	mutant
tm15194	mutant
tm15195	mutant
tm15196	mutant
tm15197	mutant
tm15198	mutant
tm15199	mutant
tm15200	mutant
tm15201	mutant
tm15202	mutant
tm15203	mutant
tm15204	mutant
tm15205	mutant
tm15208	mutant
tm15209	mutant
tm15210	mutant
tm15211	mutant
tm15212	mutant
tm15213	mutant
tm15214	mutant
tm15215	mutant
tm15216	mutant
tm15217	mutant
tm15218	mutant
tm15219	mutant
tm15220	mutant
tm15221	mutant
tm15222	mutant
tm15224	mutant
tm15225	mutant
tm15227	mutant
tm15228	mutant
tm15229	mutant
tm15230	mutant
tm15231	mutant
tm15232	mutant
tm15233	mutant
tm15234	mutant
tm15235	mutant
tm15236	mutant
tm15237	mutant
tm15238	mutant
tm15239	mutant
tm15240	mutant
tm15241	mutant
tm15242	mutant
tm15243	mutant
tm15244	mutant
tm15245	mutant
tm15246	mutant
tm15247	mutant
tm15249	mutant
tm15250	mutant
tm15253	mutant
tm15255	mutant
tm15256	mutant
tm15257	mutant
tm15258	mutant
tm15260	mutant
tm15261	mutant
tm15262	mutant
tm15263	mutant
tm15264	mutant
tm15265	mutant
tm15266	mutant
tm15267	mutant
tm15268	mutant
tm15269	mutant
tm15270	mutant
tm15271	mutant
tm15272	mutant
tm15273	mutant
tm15274	mutant
tm15277	mutant
tm15278	mutant
tm15279	mutant
tm15280	mutant
tm15275	mutant
tm15276	mutant
tm15281	mutant
tm15283	mutant
tm15284	mutant
tm15286	mutant
tm15282	mutant
tm15287	mutant
tm15288	mutant
tm15289	mutant
tm15290	mutant
tm15291	mutant
tm15292	mutant
tm15294	mutant
tm15295	mutant
tm15296	mutant
tm15297	mutant
tm15299	mutant
tm15300	mutant
tm15301	mutant
tm15302	mutant
tm15303	mutant
tm15304	mutant
tm15305	mutant
tm15306	mutant
tm15307	mutant
tm15308	mutant
tm15309	mutant
tm15310	mutant
tm15311	mutant
tm15314	mutant
tm15315	mutant
tm15317	mutant
tm15318	mutant
tm15319	mutant
tm15321	mutant
tm15322	mutant
tm15323	mutant
tm15324	mutant
tm15325	mutant
tm15326	mutant
tm15327	mutant
tm15328	mutant
tm15329	mutant
tm15330	mutant
tm15331	mutant
tm15332	mutant
tm15333	mutant
tm15334	mutant
tm15335	mutant
tm15127	mutant
tm15226	mutant
tm15336	mutant
tm15337	mutant
tm15338	mutant
tm15339	mutant
tm15340	mutant
tm15341	mutant
tm15342	mutant
tm15343	mutant
tm15344	mutant
tm15345	mutant
tm15346	mutant
tm15348	mutant
tm15349	mutant
tm15350	mutant
tm15351	mutant
tm15352	mutant
tm15353	mutant
tm15354	mutant
tm15356	mutant
tm15357	mutant
tm15358	mutant
tm15359	mutant
tm15360	mutant
tm15361	mutant
tm15363	mutant
tm15364	mutant
tm15365	mutant
tm15368	mutant
tm15369	mutant
tm15376	mutant
tm15377	mutant
tm15378	mutant
tm15379	mutant
tm15380	mutant
tm15381	mutant
tm15382	mutant
tm15383	mutant
tm15384	mutant
tm15385	mutant
tm15386	mutant
tm15387	mutant
tm15388	mutant
tm15389	mutant
tm15390	mutant
tm15370	mutant
tm15371	mutant
tm15372	mutant
tm15373	mutant
tm15374	mutant
tm15375	mutant
tm15391	mutant
tm15392	mutant
tm15393	mutant
tm15394	mutant
tm15395	mutant
tm15396	mutant
tm15397	mutant
tm15398	mutant
tm15399	mutant
tm15400	mutant
tm15401	mutant
tm15402	mutant
tm15403	mutant
tm15405	mutant
tm15406	mutant
tm15407	mutant
tm15409	mutant
tm15410	mutant
tm15411	mutant
tm15414	mutant
tm15415	mutant
tm15416	mutant
tm15417	mutant
tm15418	mutant
tm15419	mutant
tm15420	mutant
tm15421	mutant
tm15422	mutant
tm15423	mutant
tm15424	mutant
tm15425	mutant
tm15426	mutant
tm15427	mutant
tm15428	mutant
tm15429	mutant
tm15430	mutant
tm15431	mutant
tm15432	mutant
tm15433	mutant
tm15434	mutant
tm15435	mutant
tm15436	mutant
tm15438	mutant
tm15439	mutant
tm15440	mutant
tm15441	mutant
tm15442	mutant
tm15443	mutant
tm15444	mutant
tm15445	mutant
tm15446	mutant
tm15447	mutant
tm15448	mutant
tm15449	mutant
tm15450	mutant
tm15451	mutant
tm15452	mutant
tm15453	mutant
tm15454	mutant
tm15456	mutant
tm15458	mutant
tm15461	mutant
tm15462	mutant
tm15465	mutant
tm15467	mutant
tm15468	mutant
tm15469	mutant
tm15471	mutant
tm15472	mutant
tm15473	mutant
tm15474	mutant
tm15475	mutant
tm15470	mutant
tm15482	mutant
tm15483	mutant
tm15484	mutant
tm15485	mutant
tm15486	mutant
tm15487	mutant
tm15488	mutant
tm15489	mutant
tm15491	mutant
tm15492	mutant
tm15493	mutant
tm15494	mutant
tm15495	mutant
tm15496	mutant
tm15498	mutant
tm15499	mutant
tm15500	mutant
tm15501	mutant
tm15502	mutant
tm15476	mutant
tm15478	mutant
tm15479	mutant
tm15480	mutant
tm15481	mutant
tm15512	mutant
tm15513	mutant
tm15515	mutant
tm15516	mutant
tm15521	mutant
tm15522	mutant
tm15523	mutant
tm15505	mutant
tm15506	mutant
tm15507	mutant
tm15508	mutant
tm15509	mutant
tm15510	mutant
tm15511	mutant
tm15517	mutant
tm15518	mutant
tm15519	mutant
tm15520	mutant
tm15524	mutant
tm15525	mutant
tm15526	mutant
tm15527	mutant
tm15528	mutant
tm15529	mutant
tm15531	mutant
tm15532	mutant
tm15533	mutant
tm15534	mutant
tm15535	mutant
tm15544	mutant
tm15545	mutant
tm15546	mutant
tm15547	mutant
tm15548	mutant
tm15549	mutant
tm15550	mutant
tm15551	mutant
tm15552	mutant
tm15553	mutant
tm15554	mutant
tm15555	mutant
tm15536	mutant
tm15537	mutant
tm15538	mutant
tm15539	mutant
tm15540	mutant
tm15541	mutant
tm15542	mutant
tm15543	mutant
tm15557	mutant
tm15558	mutant
tm15559	mutant
tm15560	mutant
tm15561	mutant
tm15562	mutant
tm15563	mutant
tm15565	mutant
tm15566	mutant
tm15567	mutant
tm15568	mutant
tm15569	mutant
tm15570	mutant
tm15571	mutant
tm15572	mutant
tm15573	mutant
tm15574	mutant
tm15575	mutant
tm15576	mutant
tm15577	mutant
tm15578	mutant
tm15580	mutant
tm15581	mutant
tm15585	mutant
tm15587	mutant
tm15588	mutant
tm15590	mutant
tm15591	mutant
tm15589	mutant
tm15592	mutant
tm15593	mutant
tm15594	mutant
tm15595	mutant
tm15596	mutant
tm15598	mutant
tm15599	mutant
tm15600	mutant
tm15601	mutant
tm15602	mutant
tm15603	mutant
tm15604	mutant
tm15605	mutant
tm15606	mutant
tm15607	mutant
tm15608	mutant
tm15609	mutant
tm15611	mutant
tm15612	mutant
tm15613	mutant
tm15614	mutant
tm15615	mutant
tm15616	mutant
tm15617	mutant
tm15618	mutant
tm15619	mutant
tm15620	mutant
tm15621	mutant
tm15622	mutant
tm15623	mutant
tm15624	mutant
tm15625	mutant
tm15626	mutant
tm15627	mutant
tm15628	mutant
tm15629	mutant
tm15630	mutant
tm15631	mutant
tm15632	mutant
tm15634	mutant
tm15635	mutant
tm15637	mutant
tm15638	mutant
tm15640	mutant
tm15641	mutant
tm15642	mutant
tm15643	mutant
tm15644	mutant
tm15645	mutant
tm15646	mutant
tm15647	mutant
tm15648	mutant
tm15650	mutant
tm15651	mutant
tm15652	mutant
tm15653	mutant
tm15654	mutant
tm15655	mutant
tm15656	mutant
tm15657	mutant
tm15658	mutant
tm15659	mutant
tm15660	mutant
tm15661	mutant
tm15662	mutant
tm15668	mutant
tm15669	mutant
tm15670	mutant
tm15671	mutant
tm15672	mutant
tm15673	mutant
tm15664	mutant
tm15665	mutant
tm15666	mutant
tm15667	mutant
tm15674	mutant
tm15675	mutant
tm15676	mutant
tm15677	mutant
tm15678	mutant
tm15679	mutant
tm15680	mutant
tm15681	mutant
tm15682	mutant
tm15683	mutant
tm15684	mutant
tm15686	mutant
tm15687	mutant
tm15688	mutant
tm15690	mutant
tm15691	mutant
tm15692	mutant
tm15693	mutant
tm15694	mutant
tm15695	mutant
tm15696	mutant
tm15697	mutant
tm15700	mutant
tm15703	mutant
tm15704	mutant
tm15705	mutant
tm15706	mutant
tm15707	mutant
tm15708	mutant
tm15709	mutant
tm15710	mutant
tm15711	mutant
tm15712	mutant
tm15714	mutant
tm15715	mutant
tm15716	mutant
tm15717	mutant
tm15718	mutant
tm15719	mutant
tm15720	mutant
tm15721	mutant
tm15737	mutant
tm15738	mutant
tm15739	mutant
tm15740	mutant
tm15741	mutant
tm15742	mutant
tm15722	mutant
tm15723	mutant
tm15724	mutant
tm15725	mutant
tm15726	mutant
tm15727	mutant
tm15728	mutant
tm15729	mutant
tm15730	mutant
tm15731	mutant
tm15732	mutant
tm15733	mutant
tm15734	mutant
tm15735	mutant
tm15736	mutant
tm15743	mutant
tm15744	mutant
tm15745	mutant
tm15746	mutant
tm15747	mutant
tm15748	mutant
tm15749	mutant
tm15750	mutant
tm15751	mutant
tm15752	mutant
tm15753	mutant
tm15754	mutant
tm15755	mutant
tm15756	mutant
tm15757	mutant
tm15758	mutant
tm15760	mutant
tm15761	mutant
tm15762	mutant
tm15763	mutant
tm15764	mutant
tm15765	mutant
tm15766	mutant
tm15767	mutant
tm15768	mutant
tm15769	mutant
tm15770	mutant
tm15771	mutant
tm15773	mutant
tm15780	mutant
tm15781	mutant
tm15774	mutant
tm15782	mutant
tm15783	mutant
tm15784	mutant
tm15785	mutant
tm15786	mutant
tm15787	mutant
tm15788	mutant
tm15789	mutant
tm15790	mutant
tm15791	mutant
tm15792	mutant
tm15793	mutant
tm15794	mutant
tm15775	mutant
tm15776	mutant
tm15777	mutant
tm15778	mutant
tm15779	mutant
tm15795	mutant
tm15796	mutant
tm15797	mutant
tm15798	mutant
tm15799	mutant
tm15800	mutant
tm15801	mutant
tm15802	mutant
tm15803	mutant
tm15804	mutant
tm15805	mutant
tm15806	mutant
tm15807	mutant
tm15808	mutant
tm15810	mutant
tm15811	mutant
tm15812	mutant
tm15813	mutant
tm15814	mutant
tm15816	mutant
tm15817	mutant
tm15818	mutant
tm15819	mutant
tm15820	mutant
tm15821	mutant
tm15822	mutant
tm15823	mutant
tm15824	mutant
tm15825	mutant
tm15827	mutant
tm15828	mutant
tm15829	mutant
tm15830	mutant
tm15831	mutant
tm15833	mutant
tm15834	mutant
tm15835	mutant
tm15836	mutant
tm15837	mutant
tm15849	mutant
tm15850	mutant
tm15851	mutant
tm15853	mutant
tm15854	mutant
tm15855	mutant
tm15856	mutant
tm15857	mutant
tm15838	mutant
tm15839	mutant
tm15840	mutant
tm15842	mutant
tm15843	mutant
tm15841	mutant
tm15845	mutant
tm15846	mutant
tm15847	mutant
tm15848	mutant
tm15858	mutant
tm15859	mutant
tm15861	mutant
tm15862	mutant
tm15863	mutant
tm15864	mutant
tm15866	mutant
tm15868	mutant
tm15869	mutant
tm15870	mutant
tm15871	mutant
tm15872	mutant
tm15873	mutant
tm15874	mutant
tm15875	mutant
tm15876	mutant
tm15877	mutant
tm15878	mutant
tm15879	mutant
tm15880	mutant
tm15881	mutant
tm15882	mutant
tm15883	mutant
tm15884	mutant
tm15885	mutant
tm15886	mutant
tm15887	mutant
tm15889	mutant
tm15890	mutant
tm15892	mutant
tm15893	mutant
tm15894	mutant
tm15895	mutant
tm15896	mutant
tm15897	mutant
tm15898	mutant
tm15899	mutant
tm15900	mutant
tm15901	mutant
tm15902	mutant
tm15903	mutant
tm15904	mutant
tm15905	mutant
tm15906	mutant
tm15907	mutant
tm15908	mutant
tm15909	mutant
tm15910	mutant
tm15911	mutant
tm15912	mutant
tm15913	mutant
tm15914	mutant
tm15915	mutant
tm15916	mutant
tm15917	mutant
tm15918	mutant
tm15919	mutant
tm15920	mutant
tm15921	mutant
tm15922	mutant
tm15923	mutant
tm15924	mutant
tm15925	mutant
tm15926	mutant
tm15927	mutant
tm15928	mutant
tm15929	mutant
tm15933	mutant
tm15934	mutant
tm15930	mutant
tm15935	mutant
tm15931	mutant
tm15932	mutant
tm15936	mutant
tm15937	mutant
tm15938	mutant
tm15939	mutant
tm15941	mutant
tm15942	mutant
tm15943	mutant
tm15944	mutant
tm15945	mutant
tm15946	mutant
tm15952	mutant
tm15953	mutant
tm15947	mutant
tm15949	mutant
tm15950	mutant
tm15951	mutant
tm15955	mutant
tm15956	mutant
tm15957	mutant
tm15958	mutant
tm15959	mutant
tm15964	mutant
tm15965	mutant
tm15966	mutant
tm15967	mutant
tm15960	mutant
tm15961	mutant
tm15962	mutant
tm15963	mutant
tm15969	mutant
tm15970	mutant
tm15971	mutant
tm15972	mutant
tm15973	mutant
tm15974	mutant
tm15975	mutant
tm15976	mutant
tm15977	mutant
tm15978	mutant
tm15979	mutant
tm15980	mutant
tm15981	mutant
tm15983	mutant
tm15984	mutant
tm15985	mutant
tm15986	mutant
tm15987	mutant
tm15988	mutant
tm15989	mutant
tm15990	mutant
tm15991	mutant
tm15993	mutant
tm15994	mutant
tm15997	mutant
tm15998	mutant
tm15999	mutant
tm16000	mutant
tm16001	mutant
tm16002	mutant
tm16003	mutant
tm16004	mutant
tm16005	mutant
tm16006	mutant
tm16008	mutant
tm16009	mutant
tm16010	mutant
tm16014	mutant
tm16016	mutant
tm16018	mutant
tm16019	mutant
tm16020	mutant
tm16021	mutant
tm16023	mutant
tm16026	mutant
tm16028	mutant
tm16030	mutant
tm16031	mutant
tm16032	mutant
tm16035	mutant
tm16036	mutant
tm16037	mutant
tm16038	mutant
tm16039	mutant
tm16042	mutant
tm16043	mutant
tm16044	mutant
tm16045	mutant
tm16046	mutant
tm16047	mutant
tm16050	mutant
tm16049	mutant
tm16051	mutant
tm16052	mutant
tm16053	mutant
tm16054	mutant
tm16059	mutant
tm16055	mutant
tm16056	mutant
tm16057	mutant
tm16060	mutant
tm16058	mutant
tm16063	mutant
tm16064	mutant
tm16066	mutant
tm16067	mutant
tmIs777	Cre
tmIs778	Cre
tmIs960	Cre
tmIs961	Cre
tmIs962	Cre
tmIs963	Cre
tmIs969	Cre
tmIs970	Cre
tmIs971	Cre
tmIs972	Cre
tmIs1024	Cre
tmIs1025	Cre
tmIs1026	Cre
tmIs1054	Cre
tmIs1055	Cre
tmIs1057	Cre
tmIs1062	Cre
tmIs1064	Cre
tmIs1065	Cre
tmIs1068	Cre
tmIs1069	Cre
tmIs1070	Cre
tmIs1072	Cre
tmIs1073	Cre
tmIs1074	Cre
tmIs1075	Cre
tmIs1076	Cre
tmIs1077	Cre
tmIs1078	Cre
tmIs1091	Cre
tmIs1092	Cre
tmIs1094	Cre
tmIs1095	Cre
tmIs1096	Cre
tmIs731	tau
tmIs847	tau
tmIs833	tau
tmIs1000	Cre
tmIs1001	Cre
tmIs1002	Cre
tmIs1027	Cre
tmIs1028	Cre
tmIs1029	Cre
tmIs1058	Cre
tmIs1087	Cre
tmIs1097	Cre
tmIs911	a-syn
tmIs910	a-syn
tmIs912	a-syn
tmIs913	a-syn
tmIs914	a-syn
tmIs903	a-syn
tmIs908	a-syn
tmIs909	a-syn
tmIs742	tau
tmIs734	tau
tmIs755	tau
tmIs835	tau
tmIs745	tau
tmIs295	tau
tmIs296	tau
tmIs297	tau
tmIs298	tau
tmIs391	tau
tmIs397	tau
tmC1	balancer
tmC1; tmEx4487	balancer
tmC3	balancer
tmC3[tmIs1228]	balancer
tmC3[tmIs1230]	balancer
tmC5	balancer
tmC5[tmIs1220]	balancer
tmC6	balancer
tmC6[tm9710]	balancer
tmC6[tmIs1189]	balancer
tmC6[tmIs1208]	balancer
tmC9	balancer
tmC9[tmIs1221]	balancer
tmC12	balancer
tmC12[tmIs1194]	balancer
tmC12[tmIs1197]	balancer
tmC16	balancer
tmC16[tm9712]	balancer
tmC16[tmIs1210]	balancer
tmC16[tmIs1237]	balancer
tmC18	balancer
tmC18[tm9705]	balancer
tmC18[tmIs1200]	balancer
tmC18[tmIs1236]	balancer
tmC20	balancer
tmC20[tmIs1219]	balancer
tmC20[tm9709]	balancer
tmC20[tmIs1219 tm9715]	balancer
tmC24	balancer
tmC24[tmIs1240]	balancer
tmC24[tmIs1233]	balancer
tmC24[tm9723]	balancer
tmC24[tmIs1240 tm9719]	balancer
tmC24 [tmIs1240 tm9719]; tmEx4950	balancer
tmC24[tmIs1233 tm9718]	balancer
tmC24 [tmIs1233 tm9718]; tmEx4950	balancer
tmC25	balancer
tmC25[tm9708]	balancer
tmC25[tmIs1241]	balancer
tmC27	balancer
tmC27[tm9711]	balancer
tmC27[tmIs1239]	balancer
tmC29	balancer
tmC29[tmIs1259]	balancer
tmC30	balancer
tmC30[tmIs1247]	balancer
tmC30[tmIs1243]	balancer
tmIn1	balancer
tmIn2	balancer
tmIn3	balancer
tmIn4	balancer
tmIn5	balancer
tmIn8	balancer
tmIn10	balancer
tmIn11	balancer
tmIn14	balancer
tmIn19	balancer
tmIn26	balancer
tmIn52	balancer
tmIn54	balancer
tmIn58	balancer
tmIn60	balancer
tmIn62	balancer
tmIn65	balancer
tmIs1246	balancer
tmIs1226	balancer
tmIs1245	balancer
tmIs1224	balancer
tmIs1234	balancer
